variable,series,year,p25,p50,p75
pubinv_ppp_pc_ma5,Advanced economies,1990,1065.2483,1591.8508,1918.0466
pubinv_ppp_pc_ma5,Advanced economies,1991,1052.7246,1680.7633,1874.1676
pubinv_ppp_pc_ma5,Advanced economies,1992,1065.2585,1665.5407,1943.0407
pubinv_ppp_pc_ma5,Advanced economies,1993,1096.9765,1634.6295,1951.5404
pubinv_ppp_pc_ma5,Advanced economies,1994,1142.029,1544.3732,1991.3092
pubinv_ppp_pc_ma5,Advanced economies,1995,1029.9094,1421.6617,1918.0867
pubinv_ppp_pc_ma5,Advanced economies,1996,1070.6897,1375.5753,1887.2558
pubinv_ppp_pc_ma5,Advanced economies,1997,1038.7123,1383.9094,1854.3583
pubinv_ppp_pc_ma5,Advanced economies,1998,1106.1484,1388.0641,1886.652
pubinv_ppp_pc_ma5,Advanced economies,1999,1135.9833,1374.2361,1947.9933
pubinv_ppp_pc_ma5,Advanced economies,2000,1213.9043,1408.9968,1956.0278
pubinv_ppp_pc_ma5,Advanced economies,2001,1211.2741,1526.0635,1955.843
pubinv_ppp_pc_ma5,Advanced economies,2002,1192.7956,1524.6593,2003.3035
pubinv_ppp_pc_ma5,Advanced economies,2003,1226.4801,1598.9786,2070.3272
pubinv_ppp_pc_ma5,Advanced economies,2004,1276.4181,1660.8073,2153.586
pubinv_ppp_pc_ma5,Advanced economies,2005,1339.4674,1732.9324,2181.1918
pubinv_ppp_pc_ma5,Advanced economies,2006,1464.7829,1793.2749,2183.4446
pubinv_ppp_pc_ma5,Advanced economies,2007,1492.6253,1855.1273,2177.8551
pubinv_ppp_pc_ma5,Advanced economies,2008,1523.1474,1904.2482,2226.3869
pubinv_ppp_pc_ma5,Advanced economies,2009,1559.572,2013.5083,2206.7594
pubinv_ppp_pc_ma5,Advanced economies,2010,1618.9378,2060.8873,2240.1336
pubinv_ppp_pc_ma5,Advanced economies,2011,1558.7414,2012.12,2267.1464
pubinv_ppp_pc_ma5,Advanced economies,2012,1499.0901,1975.8011,2203.3853
pubinv_ppp_pc_ma5,Advanced economies,2013,1359.6152,1865.8837,2222.7325
pubinv_ppp_pc_ma5,Advanced economies,2014,1318.0996,1799.6568,2180.0856
pubinv_ppp_pc_ma5,Advanced economies,2015,1317.3761,1807.5343,2201.9903
pubinv_ppp_pc_ma5,Advanced economies,2016,1299.1873,1767.2644,2181.9606
pubinv_ppp_pc_ma5,Advanced economies,2017,1318.7212,1786.5834,2208.1683
pubinv_ppp_pc_ma5,Advanced economies,2018,1358.6674,1854.4792,2228.6004
pubinv_ppp_pc_ma5,Advanced economies,2019,1409.3406,1903.463,2241.2115
pubinv_ppp_pc_ma5,Advanced economies,2020,1460.0599,1940.3202,2280.9765
pubinv_ppp_pc_ma5,Advanced economies,2021,1512.3762,2068.7393,2348.8388
pubinv_ppp_pc_ma5,Advanced economies,2022,1564.2166,2191.1712,2395.6935
pubinv_ppp_pc_ma5,Advanced economies,2023,1624.3823,2221.3838,2443.866
pubinv_ppp_pc_ma5,Advanced economies,2024,1697.2619,2287.1517,2485.1908
pubinv_ppp_pc_ma5,Emerging markets,1990,271.6757,509.7192,1025.2533
pubinv_ppp_pc_ma5,Emerging markets,1991,301.5099,532.5009,927.3642
pubinv_ppp_pc_ma5,Emerging markets,1992,279.9293,551.4157,910.6856
pubinv_ppp_pc_ma5,Emerging markets,1993,292.0598,532.4354,899.0778
pubinv_ppp_pc_ma5,Emerging markets,1994,316.6731,522.7982,944.8904
pubinv_ppp_pc_ma5,Emerging markets,1995,318.9915,501.363,937.3691
pubinv_ppp_pc_ma5,Emerging markets,1996,327.7162,515.3895,978.55
pubinv_ppp_pc_ma5,Emerging markets,1997,331.871,531.3314,936.1069
pubinv_ppp_pc_ma5,Emerging markets,1998,290.7029,533.9372,986.8709
pubinv_ppp_pc_ma5,Emerging markets,1999,306.3064,544.3421,1089.0393
pubinv_ppp_pc_ma5,Emerging markets,2000,323.3286,541.0389,1148.4616
pubinv_ppp_pc_ma5,Emerging markets,2001,315.7413,548.3296,1151.705
pubinv_ppp_pc_ma5,Emerging markets,2002,322.7959,558.9446,1155.1348
pubinv_ppp_pc_ma5,Emerging markets,2003,320.162,581.1763,1131.0067
pubinv_ppp_pc_ma5,Emerging markets,2004,343.472,580.577,1178.3048
pubinv_ppp_pc_ma5,Emerging markets,2005,350.0905,589.2133,1100.2521
pubinv_ppp_pc_ma5,Emerging markets,2006,370.4644,627.7271,1145.9398
pubinv_ppp_pc_ma5,Emerging markets,2007,424.7105,704.6056,1215.7022
pubinv_ppp_pc_ma5,Emerging markets,2008,466.8283,796.7865,1377.2631
pubinv_ppp_pc_ma5,Emerging markets,2009,528.5743,841.6856,1476.1316
pubinv_ppp_pc_ma5,Emerging markets,2010,567.126,900.4421,1608.0978
pubinv_ppp_pc_ma5,Emerging markets,2011,553.9881,959.0827,1539.8571
pubinv_ppp_pc_ma5,Emerging markets,2012,574.6825,948.2464,1606.741
pubinv_ppp_pc_ma5,Emerging markets,2013,570.9674,939.602,1711.6404
pubinv_ppp_pc_ma5,Emerging markets,2014,539.7674,963.3766,1757.9103
pubinv_ppp_pc_ma5,Emerging markets,2015,556.9931,1011.985,1731.9628
pubinv_ppp_pc_ma5,Emerging markets,2016,567.5731,1002.0301,1568.1836
pubinv_ppp_pc_ma5,Emerging markets,2017,560.7296,995.8313,1507.5367
pubinv_ppp_pc_ma5,Emerging markets,2018,549.3147,969.3191,1641.6993
pubinv_ppp_pc_ma5,Emerging markets,2019,543.5908,916.9967,1475.3606
pubinv_ppp_pc_ma5,Emerging markets,2020,540.4568,840.4706,1450.6708
pubinv_ppp_pc_ma5,Emerging markets,2021,501.6368,910.9099,1513.5346
pubinv_ppp_pc_ma5,Emerging markets,2022,526.9685,888.198,1362.7068
pubinv_ppp_pc_ma5,Emerging markets,2023,570.4057,949.0117,1439.6946
pubinv_ppp_pc_ma5,Emerging markets,2024,560.5468,930.9671,1495.9914
pubinv_ppp_pc_ma5,Low-income,1990,59.0894,117.5626,250.3119
pubinv_ppp_pc_ma5,Low-income,1991,57.8261,121.8754,205.4462
pubinv_ppp_pc_ma5,Low-income,1992,64.1976,119.2858,223.8901
pubinv_ppp_pc_ma5,Low-income,1993,69.6492,116.1949,207.9058
pubinv_ppp_pc_ma5,Low-income,1994,75.7578,123.0833,230.1489
pubinv_ppp_pc_ma5,Low-income,1995,70.7399,111.3958,233.2771
pubinv_ppp_pc_ma5,Low-income,1996,72.8654,118.1397,219.5613
pubinv_ppp_pc_ma5,Low-income,1997,70.0256,111.7479,210.2733
pubinv_ppp_pc_ma5,Low-income,1998,63.7075,118.5277,210.465
pubinv_ppp_pc_ma5,Low-income,1999,59.8558,119.2752,203.6128
pubinv_ppp_pc_ma5,Low-income,2000,62.6307,125.0308,187.6186
pubinv_ppp_pc_ma5,Low-income,2001,68.9836,122.4311,181.5109
pubinv_ppp_pc_ma5,Low-income,2002,74.9298,123.268,193.1108
pubinv_ppp_pc_ma5,Low-income,2003,71.3012,123.4461,231.3849
pubinv_ppp_pc_ma5,Low-income,2004,69.6625,145.9496,235.6485
pubinv_ppp_pc_ma5,Low-income,2005,74.7523,152.6807,241.9641
pubinv_ppp_pc_ma5,Low-income,2006,79.1218,158.7159,237.2967
pubinv_ppp_pc_ma5,Low-income,2007,82.6428,167.1847,267.9198
pubinv_ppp_pc_ma5,Low-income,2008,86.4575,171.7718,277.3816
pubinv_ppp_pc_ma5,Low-income,2009,90.2258,189.2199,272.284
pubinv_ppp_pc_ma5,Low-income,2010,105.5027,193.9176,279.9202
pubinv_ppp_pc_ma5,Low-income,2011,103.4277,195.4967,300.0037
pubinv_ppp_pc_ma5,Low-income,2012,107.7998,196.7833,315.8556
pubinv_ppp_pc_ma5,Low-income,2013,126.073,202.6691,322.6958
pubinv_ppp_pc_ma5,Low-income,2014,137.5183,211.1104,329.7405
pubinv_ppp_pc_ma5,Low-income,2015,158.726,214.9905,350.2581
pubinv_ppp_pc_ma5,Low-income,2016,158.4382,227.3413,347.7726
pubinv_ppp_pc_ma5,Low-income,2017,162.7184,246.2078,372.3621
pubinv_ppp_pc_ma5,Low-income,2018,163.8403,241.188,364.4978
pubinv_ppp_pc_ma5,Low-income,2019,162.0302,254.0802,381.1356
pubinv_ppp_pc_ma5,Low-income,2020,159.2356,242.6487,391.6836
pubinv_ppp_pc_ma5,Low-income,2021,168.9743,237.1158,391.3303
pubinv_ppp_pc_ma5,Low-income,2022,153.4126,235.9521,387.0168
pubinv_ppp_pc_ma5,Low-income,2023,142.6647,240.7382,384.5574
pubinv_ppp_pc_ma5,Low-income,2024,135.716,228.2059,410.9802
pubinv_ppp_pc_ma5,Jamaica,2003,,122.0919,
pubinv_ppp_pc_ma5,Jamaica,2004,,131.273,
pubinv_ppp_pc_ma5,Jamaica,2005,,178.5662,
pubinv_ppp_pc_ma5,Jamaica,2006,,214.9918,
pubinv_ppp_pc_ma5,Jamaica,2007,,258.8038,
pubinv_ppp_pc_ma5,Jamaica,2008,,315.4851,
pubinv_ppp_pc_ma5,Jamaica,2009,,373.221,
pubinv_ppp_pc_ma5,Jamaica,2010,,412.9856,
pubinv_ppp_pc_ma5,Jamaica,2011,,437.9294,
pubinv_ppp_pc_ma5,Jamaica,2012,,411.4845,
pubinv_ppp_pc_ma5,Jamaica,2013,,387.2165,
pubinv_ppp_pc_ma5,Jamaica,2014,,342.0243,
pubinv_ppp_pc_ma5,Jamaica,2015,,287.9554,
pubinv_ppp_pc_ma5,Jamaica,2016,,237.9269,
pubinv_ppp_pc_ma5,Jamaica,2017,,228.4953,
pubinv_ppp_pc_ma5,Jamaica,2018,,239.3367,
pubinv_ppp_pc_ma5,Jamaica,2019,,259.8277,
pubinv_ppp_pc_ma5,Jamaica,2020,,285.4666,
pubinv_ppp_pc_ma5,Jamaica,2021,,290.5373,
pubinv_ppp_pc_ma5,Jamaica,2022,,282.8347,
pubinv_ppp_pc_ma5,Jamaica,2023,,253.6541,
pubinv_ppp_pc_ma5,Jamaica,2024,,230.8134,
elec_consumption_wdi,Advanced economies,1990,4023.4321,5600.4076,8527.2141
elec_consumption_wdi,Advanced economies,1991,3981.2083,5451.6772,8522.1415
elec_consumption_wdi,Advanced economies,1992,4104.9002,5452.3933,8558.3342
elec_consumption_wdi,Advanced economies,1993,3922.6894,5491.9891,8717.6452
elec_consumption_wdi,Advanced economies,1994,4351.0642,5616.3239,8837.0045
elec_consumption_wdi,Advanced economies,1995,4250.9087,5718.4142,9027.8848
elec_consumption_wdi,Advanced economies,1996,4573.3452,5905.9922,9151.3927
elec_consumption_wdi,Advanced economies,1997,4791.2852,6066.2432,9177.796
elec_consumption_wdi,Advanced economies,1998,4682.2976,6257.8909,9169.3316
elec_consumption_wdi,Advanced economies,1999,4957.8823,6349.3196,9175.7712
elec_consumption_wdi,Advanced economies,2000,5167.7111,6482.4886,9421.1577
elec_consumption_wdi,Advanced economies,2001,5406.2008,6490.093,9451.3594
elec_consumption_wdi,Advanced economies,2002,5536.731,6574.3884,9552.7415
elec_consumption_wdi,Advanced economies,2003,5644.0349,6695.7151,9426.8971
elec_consumption_wdi,Advanced economies,2004,5673.9466,6882.9702,9731.1315
elec_consumption_wdi,Advanced economies,2005,5711.6547,6917.8605,9676.3347
elec_consumption_wdi,Advanced economies,2006,5869.4248,7123.5378,9684.7966
elec_consumption_wdi,Advanced economies,2007,6054.5292,7157.3786,9675.6475
elec_consumption_wdi,Advanced economies,2008,6015.3871,7173.0463,9578.384
elec_consumption_wdi,Advanced economies,2009,5644.5738,6827.561,9425.6961
elec_consumption_wdi,Advanced economies,2010,5706.5631,7006.2738,9629.9446
elec_consumption_wdi,Advanced economies,2011,5472.5342,7060.0538,10183.4048
elec_consumption_wdi,Advanced economies,2012,5534.8972,7184.3752,10320.09
elec_consumption_wdi,Advanced economies,2013,5395.7499,6827.6036,10263.7356
elec_consumption_wdi,Advanced economies,2014,5137.0738,6732.3675,10146.6683
elec_consumption_wdi,Advanced economies,2015,5229.4254,6875.5933,10091.7052
elec_consumption_wdi,Advanced economies,2016,5500.85,6996.4679,10139.099
elec_consumption_wdi,Advanced economies,2017,5605.8642,7218.8766,10033.9989
elec_consumption_wdi,Advanced economies,2018,5400.9981,7148.7464,9999.8966
elec_consumption_wdi,Advanced economies,2019,5260.0173,6987.7263,9988.7799
elec_consumption_wdi,Advanced economies,2020,5050.1692,6819.6764,9903.0194
elec_consumption_wdi,Advanced economies,2021,5290.2285,6809.8683,9848.5475
elec_consumption_wdi,Advanced economies,2022,5179.7696,6677.3951,9933.1528
elec_consumption_wdi,Advanced economies,2023,5294.6441,6463.4676,10834.2538
elec_consumption_wdi,Emerging markets,1990,514.9107,995.307,2871.4211
elec_consumption_wdi,Emerging markets,1991,548.5802,1095.4115,2621.3106
elec_consumption_wdi,Emerging markets,1992,571.9577,1188.9043,2575.2064
elec_consumption_wdi,Emerging markets,1993,579.8251,1129.3447,2564.6925
elec_consumption_wdi,Emerging markets,1994,620.0235,1127.6955,2620.7583
elec_consumption_wdi,Emerging markets,1995,674.754,1178.5615,2667.5177
elec_consumption_wdi,Emerging markets,1996,763.9336,1260.571,2698.406
elec_consumption_wdi,Emerging markets,1997,720.6465,1324.988,2811.3312
elec_consumption_wdi,Emerging markets,1998,840.7576,1364.4761,2778.3386
elec_consumption_wdi,Emerging markets,1999,875.7285,1429.3682,2724.8053
elec_consumption_wdi,Emerging markets,2000,904.4545,1522.2762,2761.3506
elec_consumption_wdi,Emerging markets,2001,902.603,1573.2865,2769.8119
elec_consumption_wdi,Emerging markets,2002,916.1212,1636.7049,2800.3901
elec_consumption_wdi,Emerging markets,2003,890.4915,1715.7642,2952.9723
elec_consumption_wdi,Emerging markets,2004,912.2218,1815.1539,3098.0073
elec_consumption_wdi,Emerging markets,2005,919.2201,1931.414,3245.3721
elec_consumption_wdi,Emerging markets,2006,972.6855,2027.2034,3365.9819
elec_consumption_wdi,Emerging markets,2007,1000.2458,2055.6048,3487.4255
elec_consumption_wdi,Emerging markets,2008,1036.6641,2054.8626,3481.7435
elec_consumption_wdi,Emerging markets,2009,1193.3906,2003.5586,3299.4609
elec_consumption_wdi,Emerging markets,2010,1204.6273,2049.5445,3566.173
elec_consumption_wdi,Emerging markets,2011,1255.5414,2225.2881,3632.8786
elec_consumption_wdi,Emerging markets,2012,1229.3417,2261.959,3899.1766
elec_consumption_wdi,Emerging markets,2013,1305.9932,2449.1763,3854.5246
elec_consumption_wdi,Emerging markets,2014,1367.6851,2309.3665,3971.7998
elec_consumption_wdi,Emerging markets,2015,1433.5293,2381.2494,4018.6078
elec_consumption_wdi,Emerging markets,2016,1463.2793,2340.5968,3998.1395
elec_consumption_wdi,Emerging markets,2017,1494.3408,2312.15,4007.2398
elec_consumption_wdi,Emerging markets,2018,1480.1417,2436.4771,4081.1576
elec_consumption_wdi,Emerging markets,2019,1509.9928,2421.3382,4121.1059
elec_consumption_wdi,Emerging markets,2020,1425.5268,2329.1551,3865.149
elec_consumption_wdi,Emerging markets,2021,1453.1037,2468.6953,4147.6815
elec_consumption_wdi,Emerging markets,2022,1417.9628,2526.5475,4070.7491
elec_consumption_wdi,Low-income,1990,38.5698,93.403,231.9602
elec_consumption_wdi,Low-income,1991,37.2058,89.9552,224.984
elec_consumption_wdi,Low-income,1992,38.9817,87.8681,196.5626
elec_consumption_wdi,Low-income,1993,37.2046,68.9653,198.8969
elec_consumption_wdi,Low-income,1994,39.3717,76.2502,174.1847
elec_consumption_wdi,Low-income,1995,39.8386,85.0356,168.0951
elec_consumption_wdi,Low-income,1996,39.3368,89.1773,167.7411
elec_consumption_wdi,Low-income,1997,43.5805,88.3967,177.5375
elec_consumption_wdi,Low-income,1998,42.3452,86.3132,178.357
elec_consumption_wdi,Low-income,1999,45.2574,86.0321,179.3683
elec_consumption_wdi,Low-income,2000,50.5724,95.5512,172.0446
elec_consumption_wdi,Low-income,2001,52.8426,97.4338,222.6213
elec_consumption_wdi,Low-income,2002,57.1782,114.0036,213.9569
elec_consumption_wdi,Low-income,2003,56.0708,113.473,193.046
elec_consumption_wdi,Low-income,2004,60.9187,122.8421,205.432
elec_consumption_wdi,Low-income,2005,67.914,114.977,214.7645
elec_consumption_wdi,Low-income,2006,68.2582,122.7391,269.9471
elec_consumption_wdi,Low-income,2007,78.4353,122.7257,265.079
elec_consumption_wdi,Low-income,2008,81.9268,132.0038,294.3256
elec_consumption_wdi,Low-income,2009,77.7325,140.147,318.059
elec_consumption_wdi,Low-income,2010,91.2355,146.3993,328.8575
elec_consumption_wdi,Low-income,2011,87.7993,156.1722,351.6858
elec_consumption_wdi,Low-income,2012,91.2745,166.2867,370.4099
elec_consumption_wdi,Low-income,2013,87.6064,194.658,385.4834
elec_consumption_wdi,Low-income,2014,94.582,194.3984,373.0721
elec_consumption_wdi,Low-income,2015,89.7062,221.5232,380.9854
elec_consumption_wdi,Low-income,2016,90.6977,229.4545,430.0442
elec_consumption_wdi,Low-income,2017,90.0772,233.3331,450.6091
elec_consumption_wdi,Low-income,2018,95.0961,244.8724,491.6896
elec_consumption_wdi,Low-income,2019,96.2219,246.406,537.4756
elec_consumption_wdi,Low-income,2020,97.1974,258.5024,527.7315
elec_consumption_wdi,Low-income,2021,95.8346,283.6615,585.147
elec_consumption_wdi,Low-income,2022,99.8809,281.2518,622.6061
elec_consumption_wdi,Jamaica,1990,,882.3985,
elec_consumption_wdi,Jamaica,1991,,724.7376,
elec_consumption_wdi,Jamaica,1992,,1468.6347,
elec_consumption_wdi,Jamaica,1993,,1545.3591,
elec_consumption_wdi,Jamaica,1994,,1715.4031,
elec_consumption_wdi,Jamaica,1995,,1959.8816,
elec_consumption_wdi,Jamaica,1996,,2041.2262,
elec_consumption_wdi,Jamaica,1997,,2117.4733,
elec_consumption_wdi,Jamaica,1998,,2207.6198,
elec_consumption_wdi,Jamaica,1999,,2267.3609,
elec_consumption_wdi,Jamaica,2000,,2317.2558,
elec_consumption_wdi,Jamaica,2001,,2321.2898,
elec_consumption_wdi,Jamaica,2002,,2391.906,
elec_consumption_wdi,Jamaica,2003,,2456.5021,
elec_consumption_wdi,Jamaica,2004,,2427.1908,
elec_consumption_wdi,Jamaica,2005,,2444.3017,
elec_consumption_wdi,Jamaica,2006,,2418.7625,
elec_consumption_wdi,Jamaica,2007,,1965.5096,
elec_consumption_wdi,Jamaica,2008,,1175.139,
elec_consumption_wdi,Jamaica,2009,,1211.1823,
elec_consumption_wdi,Jamaica,2010,,1204.6273,
elec_consumption_wdi,Jamaica,2011,,1193.2647,
elec_consumption_wdi,Jamaica,2012,,1127.5307,
elec_consumption_wdi,Jamaica,2013,,1098.543,
elec_consumption_wdi,Jamaica,2014,,1081.3427,
elec_consumption_wdi,Jamaica,2015,,1077.2394,
elec_consumption_wdi,Jamaica,2016,,1143.8068,
elec_consumption_wdi,Jamaica,2017,,1146.0478,
elec_consumption_wdi,Jamaica,2018,,1155.2794,
elec_consumption_wdi,Jamaica,2019,,1179.1287,
elec_consumption_wdi,Jamaica,2020,,1094.0606,
elec_consumption_wdi,Jamaica,2021,,1107.2418,
elec_consumption_wdi,Jamaica,2022,,1147.529,
elec_access_wdi,Advanced economies,1990,100.0,100.0,100.0
elec_access_wdi,Advanced economies,1991,100.0,100.0,100.0
elec_access_wdi,Advanced economies,1992,100.0,100.0,100.0
elec_access_wdi,Advanced economies,1993,100.0,100.0,100.0
elec_access_wdi,Advanced economies,1994,100.0,100.0,100.0
elec_access_wdi,Advanced economies,1995,100.0,100.0,100.0
elec_access_wdi,Advanced economies,1996,100.0,100.0,100.0
elec_access_wdi,Advanced economies,1997,100.0,100.0,100.0
elec_access_wdi,Advanced economies,1998,100.0,100.0,100.0
elec_access_wdi,Advanced economies,1999,100.0,100.0,100.0
elec_access_wdi,Advanced economies,2000,100.0,100.0,100.0
elec_access_wdi,Advanced economies,2001,100.0,100.0,100.0
elec_access_wdi,Advanced economies,2002,100.0,100.0,100.0
elec_access_wdi,Advanced economies,2003,100.0,100.0,100.0
elec_access_wdi,Advanced economies,2004,100.0,100.0,100.0
elec_access_wdi,Advanced economies,2005,100.0,100.0,100.0
elec_access_wdi,Advanced economies,2006,100.0,100.0,100.0
elec_access_wdi,Advanced economies,2007,100.0,100.0,100.0
elec_access_wdi,Advanced economies,2008,100.0,100.0,100.0
elec_access_wdi,Advanced economies,2009,100.0,100.0,100.0
elec_access_wdi,Advanced economies,2010,100.0,100.0,100.0
elec_access_wdi,Advanced economies,2011,100.0,100.0,100.0
elec_access_wdi,Advanced economies,2012,100.0,100.0,100.0
elec_access_wdi,Advanced economies,2013,100.0,100.0,100.0
elec_access_wdi,Advanced economies,2014,100.0,100.0,100.0
elec_access_wdi,Advanced economies,2015,100.0,100.0,100.0
elec_access_wdi,Advanced economies,2016,100.0,100.0,100.0
elec_access_wdi,Advanced economies,2017,100.0,100.0,100.0
elec_access_wdi,Advanced economies,2018,100.0,100.0,100.0
elec_access_wdi,Advanced economies,2019,100.0,100.0,100.0
elec_access_wdi,Advanced economies,2020,100.0,100.0,100.0
elec_access_wdi,Advanced economies,2021,100.0,100.0,100.0
elec_access_wdi,Advanced economies,2022,100.0,100.0,100.0
elec_access_wdi,Advanced economies,2023,100.0,100.0,100.0
elec_access_wdi,Emerging markets,1990,96.7563,100.0,100.0
elec_access_wdi,Emerging markets,1991,91.1389,99.9934,100.0
elec_access_wdi,Emerging markets,1992,82.0628,97.9749,100.0
elec_access_wdi,Emerging markets,1993,76.9162,97.5654,100.0
elec_access_wdi,Emerging markets,1994,77.2187,96.5424,100.0
elec_access_wdi,Emerging markets,1995,76.9955,95.8945,100.0
elec_access_wdi,Emerging markets,1996,76.6499,95.9,100.0
elec_access_wdi,Emerging markets,1997,78.3736,96.2829,100.0
elec_access_wdi,Emerging markets,1998,78.337,94.815,100.0
elec_access_wdi,Emerging markets,1999,79.2527,95.9144,100.0
elec_access_wdi,Emerging markets,2000,80.275,94.7,99.0
elec_access_wdi,Emerging markets,2001,81.65,95.4,99.075
elec_access_wdi,Emerging markets,2002,82.175,95.5,99.0
elec_access_wdi,Emerging markets,2003,83.775,95.1,99.0
elec_access_wdi,Emerging markets,2004,84.925,95.3,99.075
elec_access_wdi,Emerging markets,2005,85.1,95.95,99.1
elec_access_wdi,Emerging markets,2006,87.6,97.3,99.4
elec_access_wdi,Emerging markets,2007,87.125,96.85,99.2
elec_access_wdi,Emerging markets,2008,86.225,97.4,99.375
elec_access_wdi,Emerging markets,2009,87.025,97.9,99.4
elec_access_wdi,Emerging markets,2010,90.225,98.5,99.675
elec_access_wdi,Emerging markets,2011,90.35,98.5,99.675
elec_access_wdi,Emerging markets,2012,90.95,98.55,99.8
elec_access_wdi,Emerging markets,2013,91.275,99.05,99.875
elec_access_wdi,Emerging markets,2014,92.75,99.2,100.0
elec_access_wdi,Emerging markets,2015,93.375,99.3,100.0
elec_access_wdi,Emerging markets,2016,93.6,99.5,100.0
elec_access_wdi,Emerging markets,2017,95.1,99.8,100.0
elec_access_wdi,Emerging markets,2018,96.025,99.8,100.0
elec_access_wdi,Emerging markets,2019,96.95,99.85,100.0
elec_access_wdi,Emerging markets,2020,97.475,100.0,100.0
elec_access_wdi,Emerging markets,2021,98.375,100.0,100.0
elec_access_wdi,Emerging markets,2022,99.125,100.0,100.0
elec_access_wdi,Emerging markets,2023,99.325,100.0,100.0
elec_access_wdi,Low-income,1991,13.9057,27.9596,40.1214
elec_access_wdi,Low-income,1992,6.8,19.2,36.0995
elec_access_wdi,Low-income,1993,10.3042,26.9486,36.185
elec_access_wdi,Low-income,1994,5.7367,26.3981,36.8316
elec_access_wdi,Low-income,1995,7.8539,26.9286,38.0524
elec_access_wdi,Low-income,1996,10.9502,29.1262,40.7588
elec_access_wdi,Low-income,1997,7.3629,27.853,40.95
elec_access_wdi,Low-income,1998,7.6313,26.7462,41.9253
elec_access_wdi,Low-income,1999,8.205,26.7136,43.8601
elec_access_wdi,Low-income,2000,8.2,21.5,42.9
elec_access_wdi,Low-income,2001,9.4,24.6,45.05
elec_access_wdi,Low-income,2002,10.35,23.75,46.425
elec_access_wdi,Low-income,2003,11.325,26.0,48.075
elec_access_wdi,Low-income,2004,13.75,27.7,49.9
elec_access_wdi,Low-income,2005,13.95,29.6,51.95
elec_access_wdi,Low-income,2006,14.8,32.15,55.2
elec_access_wdi,Low-income,2007,14.9,32.05,55.225
elec_access_wdi,Low-income,2008,15.925,31.05,57.7
elec_access_wdi,Low-income,2009,15.95,32.4,57.525
elec_access_wdi,Low-income,2010,15.35,36.6,60.2
elec_access_wdi,Low-income,2011,16.15,39.4,61.4
elec_access_wdi,Low-income,2012,20.525,41.95,57.55
elec_access_wdi,Low-income,2013,17.9,43.3,67.25
elec_access_wdi,Low-income,2014,23.825,45.3,67.975
elec_access_wdi,Low-income,2015,24.55,46.9,70.475
elec_access_wdi,Low-income,2016,30.25,50.8,76.275
elec_access_wdi,Low-income,2017,32.725,52.55,79.425
elec_access_wdi,Low-income,2018,38.25,53.1,80.925
elec_access_wdi,Low-income,2019,40.325,53.95,83.875
elec_access_wdi,Low-income,2020,41.275,54.75,85.9
elec_access_wdi,Low-income,2021,43.325,57.6,86.3
elec_access_wdi,Low-income,2022,47.25,58.85,86.2
elec_access_wdi,Low-income,2023,50.3,62.55,89.2
elec_access_wdi,Jamaica,1990,,70.3346,
elec_access_wdi,Jamaica,1991,,77.2289,
elec_access_wdi,Jamaica,1992,,78.0329,
elec_access_wdi,Jamaica,1993,,78.8363,
elec_access_wdi,Jamaica,1994,,79.6383,
elec_access_wdi,Jamaica,1995,,80.4383,
elec_access_wdi,Jamaica,1996,,85.706,
elec_access_wdi,Jamaica,1997,,82.0294,
elec_access_wdi,Jamaica,1998,,82.8192,
elec_access_wdi,Jamaica,1999,,84.5541,
elec_access_wdi,Jamaica,2000,,84.4,
elec_access_wdi,Jamaica,2001,,87.7,
elec_access_wdi,Jamaica,2002,,86.7,
elec_access_wdi,Jamaica,2003,,86.5,
elec_access_wdi,Jamaica,2004,,87.2,
elec_access_wdi,Jamaica,2005,,88.0,
elec_access_wdi,Jamaica,2006,,88.7,
elec_access_wdi,Jamaica,2007,,89.4,
elec_access_wdi,Jamaica,2008,,92.0,
elec_access_wdi,Jamaica,2009,,91.0,
elec_access_wdi,Jamaica,2010,,92.2,
elec_access_wdi,Jamaica,2011,,91.1,
elec_access_wdi,Jamaica,2012,,93.1,
elec_access_wdi,Jamaica,2013,,93.9,
elec_access_wdi,Jamaica,2014,,93.3,
elec_access_wdi,Jamaica,2015,,94.9,
elec_access_wdi,Jamaica,2016,,96.6,
elec_access_wdi,Jamaica,2017,,97.4,
elec_access_wdi,Jamaica,2018,,98.2,
elec_access_wdi,Jamaica,2019,,98.9,
elec_access_wdi,Jamaica,2020,,99.7,
elec_access_wdi,Jamaica,2021,,100.0,
elec_access_wdi,Jamaica,2022,,100.0,
elec_access_wdi,Jamaica,2023,,97.7,
tran_rail_wdi_pc,Advanced economies,1995,0.3126,0.5374,0.7122
tran_rail_wdi_pc,Advanced economies,1996,0.3227,0.5458,0.7301
tran_rail_wdi_pc,Advanced economies,1997,0.3249,0.5452,0.7134
tran_rail_wdi_pc,Advanced economies,1998,0.3277,0.5456,0.7041
tran_rail_wdi_pc,Advanced economies,1999,0.3145,0.5084,0.697
tran_rail_wdi_pc,Advanced economies,2000,0.3136,0.5043,0.6904
tran_rail_wdi_pc,Advanced economies,2001,0.3116,0.4886,0.69
tran_rail_wdi_pc,Advanced economies,2002,0.3105,0.4881,0.6948
tran_rail_wdi_pc,Advanced economies,2003,0.3116,0.4802,0.693
tran_rail_wdi_pc,Advanced economies,2004,0.3085,0.4715,0.6926
tran_rail_wdi_pc,Advanced economies,2005,0.3298,0.4972,0.6958
tran_rail_wdi_pc,Advanced economies,2006,0.3274,0.5088,0.6964
tran_rail_wdi_pc,Advanced economies,2007,0.3006,0.4683,0.6572
tran_rail_wdi_pc,Advanced economies,2008,0.306,0.4654,0.6526
tran_rail_wdi_pc,Advanced economies,2009,0.2953,0.4928,0.6305
tran_rail_wdi_pc,Advanced economies,2010,0.2714,0.4585,0.6324
tran_rail_wdi_pc,Advanced economies,2011,0.2786,0.5305,0.6359
tran_rail_wdi_pc,Advanced economies,2012,0.3121,0.4681,0.6089
tran_rail_wdi_pc,Advanced economies,2013,0.2919,0.4707,0.6314
tran_rail_wdi_pc,Advanced economies,2014,0.313,0.4943,0.7744
tran_rail_wdi_pc,Advanced economies,2015,0.3125,0.4814,0.7567
tran_rail_wdi_pc,Advanced economies,2016,0.3226,0.4772,0.7563
tran_rail_wdi_pc,Advanced economies,2017,0.3212,0.4707,0.7562
tran_rail_wdi_pc,Advanced economies,2018,0.2882,0.4659,0.6748
tran_rail_wdi_pc,Advanced economies,2019,0.2809,0.4253,0.6654
tran_rail_wdi_pc,Advanced economies,2020,0.2961,0.4275,0.6771
tran_rail_wdi_pc,Advanced economies,2021,0.2974,0.4354,0.6811
tran_rail_wdi_pc,Emerging markets,1995,0.0766,0.1507,0.4376
tran_rail_wdi_pc,Emerging markets,1996,0.0755,0.1432,0.4878
tran_rail_wdi_pc,Emerging markets,1997,0.0727,0.142,0.5046
tran_rail_wdi_pc,Emerging markets,1998,0.0721,0.1425,0.4904
tran_rail_wdi_pc,Emerging markets,1999,0.0723,0.136,0.5057
tran_rail_wdi_pc,Emerging markets,2000,0.0758,0.145,0.5067
tran_rail_wdi_pc,Emerging markets,2001,0.0801,0.2192,0.5264
tran_rail_wdi_pc,Emerging markets,2002,0.0899,0.2068,0.5275
tran_rail_wdi_pc,Emerging markets,2003,0.0708,0.2472,0.5187
tran_rail_wdi_pc,Emerging markets,2004,0.0674,0.2247,0.5102
tran_rail_wdi_pc,Emerging markets,2005,0.0668,0.2441,0.5119
tran_rail_wdi_pc,Emerging markets,2006,0.0671,0.2702,0.5117
tran_rail_wdi_pc,Emerging markets,2007,0.0674,0.249,0.5144
tran_rail_wdi_pc,Emerging markets,2008,0.0629,0.2576,0.5148
tran_rail_wdi_pc,Emerging markets,2009,0.0988,0.3142,0.5269
tran_rail_wdi_pc,Emerging markets,2010,0.0669,0.2695,0.5201
tran_rail_wdi_pc,Emerging markets,2011,0.0677,0.3052,0.5328
tran_rail_wdi_pc,Emerging markets,2012,0.0949,0.3736,0.5365
tran_rail_wdi_pc,Emerging markets,2013,0.0846,0.3999,0.5352
tran_rail_wdi_pc,Emerging markets,2014,0.101,0.3908,0.5234
tran_rail_wdi_pc,Emerging markets,2015,0.07,0.3571,0.5121
tran_rail_wdi_pc,Emerging markets,2016,0.0717,0.3621,0.4963
tran_rail_wdi_pc,Emerging markets,2017,0.0857,0.3447,0.4875
tran_rail_wdi_pc,Emerging markets,2018,0.0945,0.3448,0.4881
tran_rail_wdi_pc,Emerging markets,2019,0.0828,0.3043,0.4847
tran_rail_wdi_pc,Emerging markets,2020,0.1197,0.357,0.5089
tran_rail_wdi_pc,Emerging markets,2021,0.1025,0.3067,0.5122
tran_rail_wdi_pc,Low-income,1995,0.0628,0.091,0.1468
tran_rail_wdi_pc,Low-income,1996,0.0594,0.0852,0.1434
tran_rail_wdi_pc,Low-income,1997,0.0574,0.0835,0.1433
tran_rail_wdi_pc,Low-income,1998,0.0558,0.0822,0.1395
tran_rail_wdi_pc,Low-income,1999,0.0548,0.082,0.1404
tran_rail_wdi_pc,Low-income,2000,0.0494,0.0784,0.1437
tran_rail_wdi_pc,Low-income,2001,0.0484,0.0766,0.1529
tran_rail_wdi_pc,Low-income,2002,0.048,0.0836,0.1595
tran_rail_wdi_pc,Low-income,2003,0.0487,0.0813,0.1568
tran_rail_wdi_pc,Low-income,2004,0.0491,0.0682,0.1498
tran_rail_wdi_pc,Low-income,2005,0.0446,0.0808,0.1512
tran_rail_wdi_pc,Low-income,2006,0.0418,0.073,0.1292
tran_rail_wdi_pc,Low-income,2007,0.042,0.0614,0.1312
tran_rail_wdi_pc,Low-income,2008,0.0408,0.0784,0.1428
tran_rail_wdi_pc,Low-income,2009,0.0312,0.0548,0.1392
tran_rail_wdi_pc,Low-income,2010,0.0303,0.0763,0.1355
tran_rail_wdi_pc,Low-income,2011,0.0295,0.0588,0.1193
tran_rail_wdi_pc,Low-income,2012,0.028,0.0738,0.13
tran_rail_wdi_pc,Low-income,2013,0.0273,0.048,0.0932
tran_rail_wdi_pc,Low-income,2014,0.0266,0.0464,0.0914
tran_rail_wdi_pc,Low-income,2015,0.0256,0.0363,0.0699
tran_rail_wdi_pc,Low-income,2016,0.0257,0.0434,0.1038
tran_rail_wdi_pc,Low-income,2017,0.026,0.0485,0.0716
tran_rail_wdi_pc,Low-income,2018,0.0247,0.0513,0.0687
tran_rail_wdi_pc,Low-income,2019,0.0247,0.0603,0.0674
tran_rail_wdi_pc,Low-income,2020,0.0289,0.0587,0.1044
tran_rail_wdi_pc,Low-income,2021,0.0259,0.0488,0.1192
road_density,Advanced economies,1996,0.6461,0.8892,1.5721
road_density,Advanced economies,1997,0.6493,0.9033,1.5827
road_density,Advanced economies,1998,0.6252,0.9645,1.6197
road_density,Advanced economies,1999,0.6612,1.175,1.631
road_density,Advanced economies,2000,0.7258,1.2057,1.7213
road_density,Advanced economies,2001,0.5527,1.2246,1.7562
road_density,Advanced economies,2002,0.5544,1.2427,1.7604
road_density,Advanced economies,2003,0.7725,1.2657,1.6951
road_density,Advanced economies,2004,0.6511,1.1634,1.6972
road_density,Advanced economies,2005,0.83,1.2833,1.6591
road_density,Advanced economies,2006,0.7339,1.1697,1.7229
road_density,Advanced economies,2007,0.6136,1.0661,1.7128
road_density,Advanced economies,2008,0.6167,1.2929,1.7125
road_density,Advanced economies,2009,0.7461,1.2961,1.7236
road_density,Advanced economies,2010,0.7502,1.322,1.7235
road_density,Advanced economies,2011,0.7002,1.3229,1.6918
road_density,Advanced economies,2012,0.865,1.3429,1.7375
road_density,Advanced economies,2013,0.7551,1.34,1.728
road_density,Advanced economies,2014,0.8068,1.3328,1.7164
road_density,Advanced economies,2015,0.8477,1.3442,1.7585
road_density,Advanced economies,2016,0.8106,1.3342,1.7186
road_density,Advanced economies,2017,0.6291,1.1311,1.6866
road_density,Advanced economies,2018,0.6308,1.1319,1.6765
road_density,Advanced economies,2019,0.7434,1.1664,1.6804
road_density,Advanced economies,2020,0.744,1.167,1.6815
road_density,Advanced economies,2021,0.857,1.2273,1.6713
road_density,Advanced economies,2022,0.7977,1.2274,1.6947
road_density,Emerging markets,1996,0.0838,0.2203,0.5564
road_density,Emerging markets,1997,0.0934,0.1892,0.4904
road_density,Emerging markets,1998,0.1017,0.1888,0.484
road_density,Emerging markets,1999,0.0813,0.2036,0.6046
road_density,Emerging markets,2000,0.0814,0.1789,0.3508
road_density,Emerging markets,2001,0.1085,0.2135,0.4915
road_density,Emerging markets,2002,0.1016,0.209,0.5102
road_density,Emerging markets,2003,0.1104,0.2315,0.6363
road_density,Emerging markets,2004,0.0956,0.2185,0.4513
road_density,Emerging markets,2005,0.1078,0.2686,0.4551
road_density,Emerging markets,2006,0.1233,0.2743,0.461
road_density,Emerging markets,2007,0.1279,0.2925,0.5213
road_density,Emerging markets,2008,0.1296,0.2926,0.5518
road_density,Emerging markets,2009,0.1215,0.2722,0.5598
road_density,Emerging markets,2010,0.1384,0.2926,0.5898
road_density,Emerging markets,2011,0.1315,0.2718,0.5853
road_density,Emerging markets,2012,0.1334,0.2726,0.5901
road_density,Emerging markets,2013,0.1482,0.2721,0.6061
road_density,Emerging markets,2014,0.1668,0.2777,0.6276
road_density,Emerging markets,2015,0.1776,0.2944,0.6584
road_density,Emerging markets,2016,0.1758,0.2929,0.6413
road_density,Emerging markets,2017,0.1332,0.2873,0.6183
road_density,Emerging markets,2018,0.1364,0.2795,0.6536
road_density,Emerging markets,2019,0.1322,0.245,0.5961
road_density,Emerging markets,2020,0.1325,0.2467,0.6183
road_density,Emerging markets,2021,0.1341,0.2568,0.6078
road_density,Emerging markets,2022,0.1358,0.3335,0.6767
road_density,Low-income,1996,0.0486,0.11,0.1632
road_density,Low-income,1997,0.0442,0.1009,0.157
road_density,Low-income,1998,0.0464,0.0984,0.1581
road_density,Low-income,1999,0.0647,0.1123,0.1825
road_density,Low-income,2000,0.0592,0.1112,0.1695
road_density,Low-income,2001,0.044,0.0941,0.1407
road_density,Low-income,2002,0.0472,0.1143,0.1412
road_density,Low-income,2003,0.0595,0.1111,0.1763
road_density,Low-income,2004,0.0467,0.1101,0.2156
road_density,Low-income,2005,0.0361,0.0838,0.138
road_density,Low-income,2006,0.0412,0.0607,0.1216
road_density,Low-income,2007,0.0498,0.1117,0.169
road_density,Low-income,2008,0.0602,0.1085,0.1489
road_density,Low-income,2009,0.0498,0.1025,0.1714
road_density,Low-income,2010,0.0521,0.1029,0.1764
road_density,Low-income,2011,0.0574,0.1132,0.1987
road_density,Low-income,2012,0.0552,0.1001,0.1938
road_density,Low-income,2013,0.073,0.1769,0.2055
road_density,Low-income,2014,0.0715,0.184,0.2309
road_density,Low-income,2015,0.0998,0.1868,0.2549
road_density,Low-income,2016,0.0794,0.1723,0.2636
road_density,Low-income,2017,0.0621,0.1553,0.2628
road_density,Low-income,2018,0.0658,0.1519,0.2705
road_density,Low-income,2019,0.0646,0.1773,0.2838
road_density,Low-income,2020,0.0689,0.1763,0.276
road_density,Low-income,2021,0.0691,0.1527,0.2543
road_density,Low-income,2022,0.0801,0.1641,0.2812
road_density,Jamaica,1996,,1.7544,
road_density,Jamaica,1998,,1.7267,
road_density,Jamaica,1999,,1.7267,
road_density,Jamaica,2000,,1.9356,
road_density,Jamaica,2001,,1.9356,
road_density,Jamaica,2002,,1.9356,
road_density,Jamaica,2003,,1.9367,
road_density,Jamaica,2004,,1.9387,
road_density,Jamaica,2005,,1.9387,
road_density,Jamaica,2006,,2.0366,
road_density,Jamaica,2007,,2.0426,
road_density,Jamaica,2008,,2.0426,
road_density,Jamaica,2009,,2.0426,
road_density,Jamaica,2010,,2.0426,
road_density,Jamaica,2011,,2.0426,
road_density,Jamaica,2012,,2.0435,
road_density,Jamaica,2013,,2.0435,
road_density,Jamaica,2014,,2.0453,
road_density,Jamaica,2015,,2.0453,
road_density,Jamaica,2016,,2.0496,
road_density,Jamaica,2017,,2.0497,
road_density,Jamaica,2018,,2.0497,
road_density,Jamaica,2019,,2.0497,
road_density,Jamaica,2020,,2.0497,
road_density,Jamaica,2021,,2.0497,
road_density,Jamaica,2022,,2.0497,
paved_ratio_int,Advanced economies,1996,72.175,86.65,99.775
paved_ratio_int,Advanced economies,1997,74.0,86.6,99.0
paved_ratio_int,Advanced economies,1998,74.5,89.6,100.0
paved_ratio_int,Advanced economies,1999,67.2409,87.3,100.0
paved_ratio_int,Advanced economies,2000,60.7314,87.4389,97.2139
paved_ratio_int,Advanced economies,2001,61.1128,85.3922,97.3778
paved_ratio_int,Advanced economies,2002,61.4942,85.7883,97.5417
paved_ratio_int,Advanced economies,2003,61.8756,86.1844,97.7056
paved_ratio_int,Advanced economies,2004,62.2569,85.9306,97.8694
paved_ratio_int,Advanced economies,2005,62.6383,85.1167,98.0333
paved_ratio_int,Advanced economies,2006,63.2544,84.3028,98.1972
paved_ratio_int,Advanced economies,2007,64.3311,83.4889,98.3611
paved_ratio_int,Advanced economies,2008,63.7825,84.1368,98.525
paved_ratio_int,Advanced economies,2009,64.1,85.1005,98.6889
paved_ratio_int,Advanced economies,2010,64.345,86.0642,98.8528
paved_ratio_int,Advanced economies,2011,64.59,87.0279,99.0167
paved_ratio_int,Advanced economies,2012,64.835,87.9916,99.1806
paved_ratio_int,Advanced economies,2013,65.1661,88.9553,99.3444
paved_ratio_int,Advanced economies,2014,65.6708,89.9189,99.5083
paved_ratio_int,Advanced economies,2015,66.1756,90.9378,99.6722
paved_ratio_int,Advanced economies,2016,66.6803,91.8463,99.8361
paved_ratio_int,Advanced economies,2017,67.2525,96.405,100.0
paved_ratio_int,Advanced economies,2018,67.3775,96.615,100.0
paved_ratio_int,Advanced economies,2019,66.36,96.735,100.0
paved_ratio_int,Advanced economies,2020,67.6025,97.07,100.0
paved_ratio_int,Advanced economies,2021,67.94,100.0,100.0
paved_ratio_int,Advanced economies,2022,68.0075,100.0,100.0
paved_ratio_int,Emerging markets,1996,24.725,47.85,79.025
paved_ratio_int,Emerging markets,1997,24.725,48.35,79.85
paved_ratio_int,Emerging markets,1998,26.0,50.4,79.8
paved_ratio_int,Emerging markets,1999,25.775,49.9,80.15
paved_ratio_int,Emerging markets,2000,27.6629,47.8181,84.7236
paved_ratio_int,Emerging markets,2001,28.9432,47.7094,85.6222
paved_ratio_int,Emerging markets,2002,32.0396,48.5642,85.3033
paved_ratio_int,Emerging markets,2003,35.135,49.5889,84.3644
paved_ratio_int,Emerging markets,2004,36.0667,50.1875,84.4056
paved_ratio_int,Emerging markets,2005,36.7442,51.3483,84.0142
paved_ratio_int,Emerging markets,2006,37.3307,53.3738,82.604
paved_ratio_int,Emerging markets,2007,37.9172,54.8278,81.1939
paved_ratio_int,Emerging markets,2008,38.5038,57.515,80.0813
paved_ratio_int,Emerging markets,2009,39.0903,60.4056,79.8208
paved_ratio_int,Emerging markets,2010,39.6254,61.1686,79.6865
paved_ratio_int,Emerging markets,2011,39.02,61.59,80.3363
paved_ratio_int,Emerging markets,2012,37.93,63.1308,80.9861
paved_ratio_int,Emerging markets,2013,36.84,64.2811,80.8826
paved_ratio_int,Emerging markets,2014,35.75,64.8042,82.0049
paved_ratio_int,Emerging markets,2015,34.66,65.7844,84.8788
paved_ratio_int,Emerging markets,2016,33.57,65.9886,86.0705
paved_ratio_int,Emerging markets,2017,37.945,70.385,87.59
paved_ratio_int,Emerging markets,2018,39.73,70.25,88.89
paved_ratio_int,Emerging markets,2019,36.665,69.775,89.575
paved_ratio_int,Emerging markets,2020,39.92,70.59,92.44
paved_ratio_int,Emerging markets,2021,38.785,70.72,90.985
paved_ratio_int,Emerging markets,2022,41.0325,73.78,91.435
paved_ratio_int,Low-income,1996,9.55,12.9,22.375
paved_ratio_int,Low-income,1997,9.5,14.0576,24.7083
paved_ratio_int,Low-income,1998,9.7,15.0,26.9
paved_ratio_int,Low-income,1999,9.7,14.65,28.05
paved_ratio_int,Low-income,2000,10.4273,15.8844,20.9958
paved_ratio_int,Low-income,2001,11.5812,15.2689,22.1085
paved_ratio_int,Low-income,2002,11.5833,16.395,26.0011
paved_ratio_int,Low-income,2003,11.5989,16.6125,28.3936
paved_ratio_int,Low-income,2004,11.9622,17.675,30.7387
paved_ratio_int,Low-income,2005,12.7346,18.6167,34.7933
paved_ratio_int,Low-income,2006,13.1218,19.0528,37.4462
paved_ratio_int,Low-income,2007,13.5378,19.4889,39.1638
paved_ratio_int,Low-income,2008,13.7925,19.925,40.4175
paved_ratio_int,Low-income,2009,14.0472,20.6222,39.825
paved_ratio_int,Low-income,2010,14.3019,21.3544,39.2325
paved_ratio_int,Low-income,2011,14.5567,21.8245,38.9667
paved_ratio_int,Low-income,2012,14.8114,22.3572,40.0972
paved_ratio_int,Low-income,2013,15.0661,22.5078,41.2278
paved_ratio_int,Low-income,2014,15.3208,22.6583,42.3583
paved_ratio_int,Low-income,2015,15.5756,22.9778,43.4889
paved_ratio_int,Low-income,2016,15.8303,23.4139,44.6194
paved_ratio_int,Low-income,2017,15.45,23.85,45.94
paved_ratio_int,Low-income,2018,16.5625,23.625,46.0175
paved_ratio_int,Low-income,2019,15.585,23.02,38.2105
paved_ratio_int,Low-income,2020,15.4675,23.1,35.6041
paved_ratio_int,Low-income,2021,14.0775,25.86,45.9825
paved_ratio_int,Low-income,2022,15.82,26.04,75.66
paved_ratio_int,Jamaica,1996,,70.7,
paved_ratio_int,Jamaica,1997,,70.4,
paved_ratio_int,Jamaica,1998,,70.1,
paved_ratio_int,Jamaica,1999,,70.1,
tran_air_passengers_pc,Advanced economies,1990,0.398,0.744,1.1765
tran_air_passengers_pc,Advanced economies,1991,0.3825,0.6133,1.1484
tran_air_passengers_pc,Advanced economies,1992,0.3729,0.595,1.1699
tran_air_passengers_pc,Advanced economies,1993,0.362,0.6028,1.1837
tran_air_passengers_pc,Advanced economies,1994,0.4039,0.6243,1.3216
tran_air_passengers_pc,Advanced economies,1995,0.4246,0.6508,1.3942
tran_air_passengers_pc,Advanced economies,1996,0.4775,0.7249,1.3792
tran_air_passengers_pc,Advanced economies,1997,0.5584,0.7568,1.3346
tran_air_passengers_pc,Advanced economies,1998,0.5857,0.8046,1.4722
tran_air_passengers_pc,Advanced economies,1999,0.6124,0.8309,1.4583
tran_air_passengers_pc,Advanced economies,2000,0.6532,0.9789,1.5052
tran_air_passengers_pc,Advanced economies,2001,0.6161,0.848,1.5594
tran_air_passengers_pc,Advanced economies,2002,0.4947,0.8556,1.737
tran_air_passengers_pc,Advanced economies,2003,0.5498,0.8808,1.4456
tran_air_passengers_pc,Advanced economies,2004,0.6212,0.995,1.572
tran_air_passengers_pc,Advanced economies,2005,0.5205,0.9711,1.5884
tran_air_passengers_pc,Advanced economies,2006,0.6204,0.9991,1.6605
tran_air_passengers_pc,Advanced economies,2007,0.6194,1.0404,1.7355
tran_air_passengers_pc,Advanced economies,2008,0.5677,1.0782,1.8575
tran_air_passengers_pc,Advanced economies,2009,0.6097,0.9792,1.7256
tran_air_passengers_pc,Advanced economies,2010,0.679,1.1902,1.7423
tran_air_passengers_pc,Advanced economies,2011,0.6829,1.1282,1.8595
tran_air_passengers_pc,Advanced economies,2012,0.7332,1.1035,2.0061
tran_air_passengers_pc,Advanced economies,2013,0.7448,1.1342,2.1927
tran_air_passengers_pc,Advanced economies,2014,0.6447,1.2148,2.2603
tran_air_passengers_pc,Advanced economies,2015,0.6311,1.2956,2.4297
tran_air_passengers_pc,Advanced economies,2016,0.6462,1.4352,2.5217
tran_air_passengers_pc,Advanced economies,2017,0.685,1.5473,2.5509
tran_air_passengers_pc,Advanced economies,2018,0.8743,1.6989,2.674
tran_air_passengers_pc,Advanced economies,2019,0.8426,2.0048,2.9766
tran_air_passengers_pc,Emerging markets,1990,0.0606,0.1314,0.4049
tran_air_passengers_pc,Emerging markets,1991,0.0556,0.1334,0.3642
tran_air_passengers_pc,Emerging markets,1992,0.0653,0.1371,0.3341
tran_air_passengers_pc,Emerging markets,1993,0.0616,0.151,0.2754
tran_air_passengers_pc,Emerging markets,1994,0.0678,0.1525,0.2854
tran_air_passengers_pc,Emerging markets,1995,0.0667,0.1499,0.2972
tran_air_passengers_pc,Emerging markets,1996,0.0671,0.1544,0.3261
tran_air_passengers_pc,Emerging markets,1997,0.0637,0.1516,0.4029
tran_air_passengers_pc,Emerging markets,1998,0.0572,0.1566,0.3851
tran_air_passengers_pc,Emerging markets,1999,0.0681,0.1643,0.4064
tran_air_passengers_pc,Emerging markets,2000,0.0661,0.183,0.3659
tran_air_passengers_pc,Emerging markets,2001,0.0684,0.1706,0.3655
tran_air_passengers_pc,Emerging markets,2002,0.0744,0.1601,0.3348
tran_air_passengers_pc,Emerging markets,2003,0.0813,0.1646,0.4365
tran_air_passengers_pc,Emerging markets,2004,0.1003,0.1908,0.5053
tran_air_passengers_pc,Emerging markets,2005,0.0938,0.1915,0.4081
tran_air_passengers_pc,Emerging markets,2006,0.1064,0.1937,0.3644
tran_air_passengers_pc,Emerging markets,2007,0.1191,0.1968,0.4221
tran_air_passengers_pc,Emerging markets,2008,0.1212,0.2038,0.3733
tran_air_passengers_pc,Emerging markets,2009,0.1137,0.2102,0.4986
tran_air_passengers_pc,Emerging markets,2010,0.1206,0.2433,0.5607
tran_air_passengers_pc,Emerging markets,2011,0.1289,0.2761,0.6535
tran_air_passengers_pc,Emerging markets,2012,0.1343,0.2833,0.8511
tran_air_passengers_pc,Emerging markets,2013,0.1303,0.2987,0.8683
tran_air_passengers_pc,Emerging markets,2014,0.1326,0.3284,0.9632
tran_air_passengers_pc,Emerging markets,2015,0.1548,0.3329,1.0011
tran_air_passengers_pc,Emerging markets,2016,0.1806,0.3448,1.0583
tran_air_passengers_pc,Emerging markets,2017,0.2021,0.3746,1.1564
tran_air_passengers_pc,Emerging markets,2018,0.209,0.3933,1.0945
tran_air_passengers_pc,Emerging markets,2019,0.1593,0.3778,1.2615
tran_air_passengers_pc,Low-income,1990,0.0112,0.0191,0.0348
tran_air_passengers_pc,Low-income,1991,0.0104,0.0163,0.0318
tran_air_passengers_pc,Low-income,1992,0.0091,0.0157,0.0315
tran_air_passengers_pc,Low-income,1993,0.008,0.0152,0.0488
tran_air_passengers_pc,Low-income,1994,0.0096,0.0147,0.0331
tran_air_passengers_pc,Low-income,1995,0.0104,0.0157,0.0495
tran_air_passengers_pc,Low-income,1996,0.0099,0.0156,0.0504
tran_air_passengers_pc,Low-income,1997,0.0081,0.0129,0.0369
tran_air_passengers_pc,Low-income,1998,0.0085,0.0137,0.04
tran_air_passengers_pc,Low-income,1999,0.0094,0.0138,0.038
tran_air_passengers_pc,Low-income,2000,0.0091,0.0143,0.0402
tran_air_passengers_pc,Low-income,2001,0.0051,0.0146,0.0387
tran_air_passengers_pc,Low-income,2002,0.01,0.0153,0.0411
tran_air_passengers_pc,Low-income,2003,0.0113,0.0152,0.0413
tran_air_passengers_pc,Low-income,2004,0.0098,0.0214,0.0481
tran_air_passengers_pc,Low-income,2005,0.011,0.0262,0.053
tran_air_passengers_pc,Low-income,2006,0.0116,0.0266,0.0551
tran_air_passengers_pc,Low-income,2007,0.0108,0.0289,0.0581
tran_air_passengers_pc,Low-income,2008,0.0109,0.0292,0.0578
tran_air_passengers_pc,Low-income,2009,0.0143,0.0314,0.0618
tran_air_passengers_pc,Low-income,2010,0.0091,0.0211,0.0702
tran_air_passengers_pc,Low-income,2011,0.012,0.0271,0.0799
tran_air_passengers_pc,Low-income,2012,0.0102,0.0275,0.0827
tran_air_passengers_pc,Low-income,2013,0.0131,0.024,0.0766
tran_air_passengers_pc,Low-income,2014,0.0095,0.024,0.07
tran_air_passengers_pc,Low-income,2015,0.0124,0.0255,0.0707
tran_air_passengers_pc,Low-income,2016,0.0078,0.0234,0.0743
tran_air_passengers_pc,Low-income,2017,0.0115,0.0314,0.0866
tran_air_passengers_pc,Low-income,2018,0.0158,0.0401,0.1137
tran_air_passengers_pc,Low-income,2019,0.0193,0.038,0.1118
tran_air_passengers_pc,Jamaica,1990,,0.4217,
tran_air_passengers_pc,Jamaica,1991,,0.3724,
tran_air_passengers_pc,Jamaica,1992,,0.4055,
tran_air_passengers_pc,Jamaica,1993,,0.4236,
tran_air_passengers_pc,Jamaica,1994,,0.4084,
tran_air_passengers_pc,Jamaica,1995,,0.4505,
tran_air_passengers_pc,Jamaica,1996,,0.5499,
tran_air_passengers_pc,Jamaica,1997,,0.5495,
tran_air_passengers_pc,Jamaica,1998,,0.5658,
tran_air_passengers_pc,Jamaica,1999,,0.6448,
tran_air_passengers_pc,Jamaica,2000,,0.7371,
tran_air_passengers_pc,Jamaica,2001,,0.7415,
tran_air_passengers_pc,Jamaica,2002,,0.7635,
tran_air_passengers_pc,Jamaica,2003,,0.6919,
tran_air_passengers_pc,Jamaica,2004,,0.7513,
tran_air_passengers_pc,Jamaica,2005,,0.5857,
tran_air_passengers_pc,Jamaica,2006,,0.5652,
tran_air_passengers_pc,Jamaica,2007,,0.5963,
tran_air_passengers_pc,Jamaica,2008,,0.6032,
tran_air_passengers_pc,Jamaica,2009,,0.5042,
tran_air_passengers_pc,Jamaica,2010,,0.0,
tran_air_passengers_pc,Jamaica,2011,,0.0,
tran_air_passengers_pc,Jamaica,2012,,0.0,
tran_air_passengers_pc,Jamaica,2013,,0.0166,
tran_air_passengers_pc,Jamaica,2014,,0.0273,
tran_air_passengers_pc,Jamaica,2015,,0.0331,
tran_air_passengers_pc,Jamaica,2016,,0.0487,
tran_air_passengers_pc,Jamaica,2017,,0.0537,
tran_air_passengers_pc,Jamaica,2018,,0.0642,
tran_port_traffic_pc,Advanced economies,2000,0.0986,0.1154,0.187
tran_port_traffic_pc,Advanced economies,2001,0.0957,0.1241,0.1961
tran_port_traffic_pc,Advanced economies,2002,0.1055,0.1393,0.2224
tran_port_traffic_pc,Advanced economies,2003,0.1127,0.1649,0.2314
tran_port_traffic_pc,Advanced economies,2004,0.1229,0.173,0.25
tran_port_traffic_pc,Advanced economies,2005,0.1335,0.1686,0.2501
tran_port_traffic_pc,Advanced economies,2006,0.1371,0.1666,0.269
tran_port_traffic_pc,Advanced economies,2007,0.1295,0.1506,0.2951
tran_port_traffic_pc,Advanced economies,2008,0.1183,0.145,0.2915
tran_port_traffic_pc,Advanced economies,2009,0.0891,0.1309,0.2673
tran_port_traffic_pc,Advanced economies,2010,0.1258,0.1563,0.2928
tran_port_traffic_pc,Advanced economies,2011,0.136,0.1611,0.3006
tran_port_traffic_pc,Advanced economies,2012,0.1371,0.1762,0.2955
tran_port_traffic_pc,Advanced economies,2013,0.1388,0.1911,0.3109
tran_port_traffic_pc,Advanced economies,2014,0.1483,0.1962,0.3118
tran_port_traffic_pc,Advanced economies,2015,0.1483,0.1824,0.3204
tran_port_traffic_pc,Advanced economies,2016,0.1526,0.1881,0.3243
tran_port_traffic_pc,Advanced economies,2017,0.1559,0.191,0.3388
tran_port_traffic_pc,Advanced economies,2018,0.1658,0.2462,0.3669
tran_port_traffic_pc,Advanced economies,2019,0.1687,0.2351,0.3707
tran_port_traffic_pc,Advanced economies,2020,0.1602,0.2274,0.3536
tran_port_traffic_pc,Advanced economies,2021,0.1776,0.2339,0.3982
tran_port_traffic_pc,Advanced economies,2022,0.18,0.251,0.3652
tran_port_traffic_pc,Emerging markets,2000,0.0174,0.0326,0.0914
tran_port_traffic_pc,Emerging markets,2001,0.0155,0.0352,0.0901
tran_port_traffic_pc,Emerging markets,2002,0.021,0.0391,0.1382
tran_port_traffic_pc,Emerging markets,2003,0.0226,0.04,0.122
tran_port_traffic_pc,Emerging markets,2004,0.0197,0.0379,0.0717
tran_port_traffic_pc,Emerging markets,2005,0.0303,0.0457,0.1345
tran_port_traffic_pc,Emerging markets,2006,0.0357,0.0562,0.1457
tran_port_traffic_pc,Emerging markets,2007,0.0294,0.0652,0.1938
tran_port_traffic_pc,Emerging markets,2008,0.0304,0.0734,0.2021
tran_port_traffic_pc,Emerging markets,2009,0.0305,0.0714,0.1888
tran_port_traffic_pc,Emerging markets,2010,0.0373,0.0862,0.2016
tran_port_traffic_pc,Emerging markets,2011,0.0412,0.0997,0.2539
tran_port_traffic_pc,Emerging markets,2012,0.0434,0.0997,0.247
tran_port_traffic_pc,Emerging markets,2013,0.0482,0.1071,0.2472
tran_port_traffic_pc,Emerging markets,2014,0.0424,0.1105,0.2466
tran_port_traffic_pc,Emerging markets,2015,0.0423,0.1144,0.2614
tran_port_traffic_pc,Emerging markets,2016,0.0433,0.1173,0.2628
tran_port_traffic_pc,Emerging markets,2017,0.0442,0.1259,0.2802
tran_port_traffic_pc,Emerging markets,2018,0.0478,0.1316,0.2875
tran_port_traffic_pc,Emerging markets,2019,0.0463,0.1404,0.2652
tran_port_traffic_pc,Emerging markets,2020,0.0419,0.1207,0.2281
tran_port_traffic_pc,Emerging markets,2021,0.0578,0.1181,0.2785
tran_port_traffic_pc,Emerging markets,2022,0.0555,0.1459,0.3126
tran_port_traffic_pc,Low-income,2007,0.0095,0.0137,0.029
tran_port_traffic_pc,Low-income,2008,0.0104,0.0169,0.0313
tran_port_traffic_pc,Low-income,2009,0.0095,0.0149,0.0273
tran_port_traffic_pc,Low-income,2010,0.0106,0.0187,0.0457
tran_port_traffic_pc,Low-income,2011,0.0095,0.0191,0.0418
tran_port_traffic_pc,Low-income,2012,0.0098,0.0171,0.0388
tran_port_traffic_pc,Low-income,2013,0.0107,0.0169,0.0386
tran_port_traffic_pc,Low-income,2014,0.0112,0.0188,0.0421
tran_port_traffic_pc,Low-income,2015,0.0125,0.0183,0.0389
tran_port_traffic_pc,Low-income,2016,0.0119,0.0213,0.039
tran_port_traffic_pc,Low-income,2017,0.0116,0.025,0.0446
tran_port_traffic_pc,Low-income,2018,0.012,0.024,0.0398
tran_port_traffic_pc,Low-income,2019,0.0128,0.0191,0.0418
tran_port_traffic_pc,Low-income,2020,0.0139,0.0233,0.0415
tran_port_traffic_pc,Low-income,2021,0.013,0.027,0.0493
tran_port_traffic_pc,Low-income,2022,0.0157,0.0267,0.0882
tran_port_traffic_pc,Jamaica,2000,,0.2937,
tran_port_traffic_pc,Jamaica,2001,,0.3747,
tran_port_traffic_pc,Jamaica,2002,,0.4033,
tran_port_traffic_pc,Jamaica,2003,,0.4283,
tran_port_traffic_pc,Jamaica,2004,,0.5092,
tran_port_traffic_pc,Jamaica,2005,,0.6222,
tran_port_traffic_pc,Jamaica,2006,,0.7962,
tran_port_traffic_pc,Jamaica,2007,,0.7432,
tran_port_traffic_pc,Jamaica,2008,,0.7029,
tran_port_traffic_pc,Jamaica,2009,,0.6173,
tran_port_traffic_pc,Jamaica,2010,,0.6883,
tran_port_traffic_pc,Jamaica,2011,,0.6695,
tran_port_traffic_pc,Jamaica,2012,,0.6692,
tran_port_traffic_pc,Jamaica,2013,,0.6121,
tran_port_traffic_pc,Jamaica,2014,,0.5863,
tran_port_traffic_pc,Jamaica,2015,,0.5899,
tran_port_traffic_pc,Jamaica,2016,,0.5578,
tran_port_traffic_pc,Jamaica,2017,,0.554,
tran_port_traffic_pc,Jamaica,2018,,0.65,
tran_port_traffic_pc,Jamaica,2019,,0.5836,
tran_port_traffic_pc,Jamaica,2020,,0.5762,
tran_port_traffic_pc,Jamaica,2021,,0.6961,
tran_port_traffic_pc,Jamaica,2022,,0.7529,
comm_phone_wdi_int,Advanced economies,1990,28.0,42.0,49.3
comm_phone_wdi_int,Advanced economies,1991,29.7,42.9,50.8
comm_phone_wdi_int,Advanced economies,1992,31.3,43.8,52.6
comm_phone_wdi_int,Advanced economies,1993,32.7,45.4,54.1
comm_phone_wdi_int,Advanced economies,1994,34.7,47.4,55.0
comm_phone_wdi_int,Advanced economies,1995,36.3,49.1,55.6
comm_phone_wdi_int,Advanced economies,1996,38.2,50.1,56.4
comm_phone_wdi_int,Advanced economies,1997,39.6,50.5,57.5
comm_phone_wdi_int,Advanced economies,1998,40.5,50.2,59.0
comm_phone_wdi_int,Advanced economies,1999,41.4,51.6,59.0
comm_phone_wdi_int,Advanced economies,2000,42.0,52.5,61.4
comm_phone_wdi_int,Advanced economies,2001,42.5,50.4,58.3
comm_phone_wdi_int,Advanced economies,2002,42.4,50.3,58.3
comm_phone_wdi_int,Advanced economies,2003,43.5,49.0,57.8
comm_phone_wdi_int,Advanced economies,2004,43.8,47.9,57.5
comm_phone_wdi_int,Advanced economies,2005,42.8,46.2,56.2
comm_phone_wdi_int,Advanced economies,2006,42.4,45.8,55.4
comm_phone_wdi_int,Advanced economies,2007,40.0,45.6,52.5
comm_phone_wdi_int,Advanced economies,2008,39.4,44.5,53.4
comm_phone_wdi_int,Advanced economies,2009,39.0,46.1,53.6
comm_phone_wdi_int,Advanced economies,2010,40.6,45.6,53.0
comm_phone_wdi_int,Advanced economies,2011,40.4,44.5,51.7
comm_phone_wdi_int,Advanced economies,2012,40.1,43.1,50.2
comm_phone_wdi_int,Advanced economies,2013,37.3,41.5,49.2
comm_phone_wdi_int,Advanced economies,2014,33.9,40.8,48.7
comm_phone_wdi_int,Advanced economies,2015,33.4,40.1,48.6
comm_phone_wdi_int,Advanced economies,2016,31.3,38.6,46.3
comm_phone_wdi_int,Advanced economies,2017,27.5,37.6,42.6
comm_phone_wdi_int,Advanced economies,2018,21.9,35.4,42.2
comm_phone_wdi_int,Advanced economies,2019,19.4,33.9,41.9
comm_phone_wdi_int,Advanced economies,2020,16.6,32.9,42.4
comm_phone_wdi_int,Advanced economies,2021,17.8,31.7,41.6
comm_phone_wdi_int,Advanced economies,2022,14.8,29.4,39.8
comm_phone_wdi_int,Advanced economies,2023,15.1,27.7,38.65
comm_phone_wdi_int,Emerging markets,1990,2.4225,6.08,11.675
comm_phone_wdi_int,Emerging markets,1991,2.495,6.395,12.275
comm_phone_wdi_int,Emerging markets,1992,2.985,7.03,13.35
comm_phone_wdi_int,Emerging markets,1993,3.4,8.27,14.55
comm_phone_wdi_int,Emerging markets,1994,3.945,7.7,15.0
comm_phone_wdi_int,Emerging markets,1995,4.37,8.2,16.25
comm_phone_wdi_int,Emerging markets,1996,4.695,9.2,17.3
comm_phone_wdi_int,Emerging markets,1997,5.425,9.84,18.75
comm_phone_wdi_int,Emerging markets,1998,6.075,10.4,19.9
comm_phone_wdi_int,Emerging markets,1999,6.5,10.7,20.8
comm_phone_wdi_int,Emerging markets,2000,6.69,11.8,21.9
comm_phone_wdi_int,Emerging markets,2001,6.55,12.5,22.9
comm_phone_wdi_int,Emerging markets,2002,6.9925,13.2,23.525
comm_phone_wdi_int,Emerging markets,2003,7.505,13.85,23.15
comm_phone_wdi_int,Emerging markets,2004,8.84,14.8,23.9
comm_phone_wdi_int,Emerging markets,2005,9.305,14.5,24.05
comm_phone_wdi_int,Emerging markets,2006,9.344,15.5,23.75
comm_phone_wdi_int,Emerging markets,2007,9.625,15.9,23.7
comm_phone_wdi_int,Emerging markets,2008,9.945,16.7,24.1
comm_phone_wdi_int,Emerging markets,2009,9.675,16.7,23.1
comm_phone_wdi_int,Emerging markets,2010,9.345,16.5,22.05
comm_phone_wdi_int,Emerging markets,2011,9.0,16.4,22.65
comm_phone_wdi_int,Emerging markets,2012,8.875,15.5,22.45
comm_phone_wdi_int,Emerging markets,2013,8.145,15.1,22.7
comm_phone_wdi_int,Emerging markets,2014,7.87,15.1,22.5
comm_phone_wdi_int,Emerging markets,2015,7.61,15.4,21.6
comm_phone_wdi_int,Emerging markets,2016,7.025,15.1,20.7
comm_phone_wdi_int,Emerging markets,2017,7.965,14.9,19.4
comm_phone_wdi_int,Emerging markets,2018,6.195,14.4,18.675
comm_phone_wdi_int,Emerging markets,2019,6.2462,13.5,17.8
comm_phone_wdi_int,Emerging markets,2020,6.4208,13.3,18.1
comm_phone_wdi_int,Emerging markets,2021,5.705,12.9,18.7
comm_phone_wdi_int,Emerging markets,2022,4.9875,12.35,17.175
comm_phone_wdi_int,Emerging markets,2023,5.93,11.8,17.9
comm_phone_wdi_int,Low-income,1990,0.2035,0.301,0.7495
comm_phone_wdi_int,Low-income,1991,0.204,0.318,0.8225
comm_phone_wdi_int,Low-income,1992,0.2195,0.333,0.8338
comm_phone_wdi_int,Low-income,1993,0.2242,0.348,0.849
comm_phone_wdi_int,Low-income,1994,0.2478,0.38,0.8845
comm_phone_wdi_int,Low-income,1995,0.26,0.399,0.9345
comm_phone_wdi_int,Low-income,1996,0.2522,0.466,1.011
comm_phone_wdi_int,Low-income,1997,0.282,0.5435,1.0975
comm_phone_wdi_int,Low-income,1998,0.3007,0.6295,1.15
comm_phone_wdi_int,Low-income,1999,0.3107,0.654,1.2475
comm_phone_wdi_int,Low-income,2000,0.3428,0.7395,1.415
comm_phone_wdi_int,Low-income,2001,0.4117,0.813,1.6125
comm_phone_wdi_int,Low-income,2002,0.4442,0.8455,1.765
comm_phone_wdi_int,Low-income,2003,0.396,0.841,1.77
comm_phone_wdi_int,Low-income,2004,0.388,0.892,1.89
comm_phone_wdi_int,Low-income,2005,0.43,0.905,1.84
comm_phone_wdi_int,Low-income,2006,0.377,0.985,2.3
comm_phone_wdi_int,Low-income,2007,0.394,1.06,2.29
comm_phone_wdi_int,Low-income,2008,0.421,1.05,2.21
comm_phone_wdi_int,Low-income,2009,0.49,1.07,2.28
comm_phone_wdi_int,Low-income,2010,0.438,1.01,2.65
comm_phone_wdi_int,Low-income,2011,0.3848,1.075,2.9775
comm_phone_wdi_int,Low-income,2012,0.3815,0.9835,3.395
comm_phone_wdi_int,Low-income,2013,0.3268,0.8175,2.95
comm_phone_wdi_int,Low-income,2014,0.3303,0.874,2.38
comm_phone_wdi_int,Low-income,2015,0.2502,0.8665,2.1125
comm_phone_wdi_int,Low-income,2016,0.2372,0.8175,2.065
comm_phone_wdi_int,Low-income,2017,0.2285,0.5575,2.2275
comm_phone_wdi_int,Low-income,2018,0.179,0.47,2.0275
comm_phone_wdi_int,Low-income,2019,0.1425,0.5185,1.875
comm_phone_wdi_int,Low-income,2020,0.1322,0.4475,1.3575
comm_phone_wdi_int,Low-income,2021,0.1142,0.367,1.475
comm_phone_wdi_int,Low-income,2022,0.113,0.3615,1.5925
comm_phone_wdi_int,Low-income,2023,0.1072,0.4155,1.93
comm_phone_wdi_int,Jamaica,1990,,4.42,
comm_phone_wdi_int,Jamaica,1991,,5.48,
comm_phone_wdi_int,Jamaica,1992,,6.9,
comm_phone_wdi_int,Jamaica,1993,,8.51,
comm_phone_wdi_int,Jamaica,1994,,10.1,
comm_phone_wdi_int,Jamaica,1995,,11.6,
comm_phone_wdi_int,Jamaica,1996,,14.2,
comm_phone_wdi_int,Jamaica,1997,,16.3,
comm_phone_wdi_int,Jamaica,1998,,18.0,
comm_phone_wdi_int,Jamaica,1999,,18.8,
comm_phone_wdi_int,Jamaica,2000,,18.9,
comm_phone_wdi_int,Jamaica,2001,,19.5,
comm_phone_wdi_int,Jamaica,2002,,16.5,
comm_phone_wdi_int,Jamaica,2003,,17.3,
comm_phone_wdi_int,Jamaica,2004,,15.8,
comm_phone_wdi_int,Jamaica,2005,,11.9,
comm_phone_wdi_int,Jamaica,2006,,12.7,
comm_phone_wdi_int,Jamaica,2007,,13.6,
comm_phone_wdi_int,Jamaica,2008,,11.6,
comm_phone_wdi_int,Jamaica,2009,,11.1,
comm_phone_wdi_int,Jamaica,2010,,9.57,
comm_phone_wdi_int,Jamaica,2011,,9.78,
comm_phone_wdi_int,Jamaica,2012,,9.13,
comm_phone_wdi_int,Jamaica,2013,,8.99,
comm_phone_wdi_int,Jamaica,2014,,9.11,
comm_phone_wdi_int,Jamaica,2015,,9.02,
comm_phone_wdi_int,Jamaica,2016,,11.0,
comm_phone_wdi_int,Jamaica,2017,,10.5,
comm_phone_wdi_int,Jamaica,2018,,12.9,
comm_phone_wdi_int,Jamaica,2019,,14.1,
comm_phone_wdi_int,Jamaica,2020,,15.4,
comm_phone_wdi_int,Jamaica,2021,,16.7,
comm_phone_wdi_int,Jamaica,2022,,15.7,
comm_phone_wdi_int,Jamaica,2023,,16.2,
comm_cell_wdi_int,Advanced economies,1990,0.065,0.502,1.8631
comm_cell_wdi_int,Advanced economies,1991,0.1262,0.7643,2.1967
comm_cell_wdi_int,Advanced economies,1992,0.2861,1.2118,2.8461
comm_cell_wdi_int,Advanced economies,1993,0.6526,1.7081,3.9343
comm_cell_wdi_int,Advanced economies,1994,1.2719,3.0792,6.6061
comm_cell_wdi_int,Advanced economies,1995,2.3304,4.826,9.9012
comm_cell_wdi_int,Advanced economies,1996,4.8443,8.0017,16.3738
comm_cell_wdi_int,Advanced economies,1997,10.0577,14.7365,20.6197
comm_cell_wdi_int,Advanced economies,1998,17.0661,23.8958,30.8093
comm_cell_wdi_int,Advanced economies,1999,28.748,37.0076,48.7227
comm_cell_wdi_int,Advanced economies,2000,39.9733,58.9286,69.5372
comm_cell_wdi_int,Advanced economies,2001,57.4839,73.0073,78.0646
comm_cell_wdi_int,Advanced economies,2002,63.6299,78.407,83.7145
comm_cell_wdi_int,Advanced economies,2003,68.6553,82.9377,90.6985
comm_cell_wdi_int,Advanced economies,2004,79.5226,90.1034,97.7795
comm_cell_wdi_int,Advanced economies,2005,85.3687,96.6169,105.296
comm_cell_wdi_int,Advanced economies,2006,93.3538,104.472,114.499
comm_cell_wdi_int,Advanced economies,2007,101.06,112.852,119.989
comm_cell_wdi_int,Advanced economies,2008,105.552,112.531,127.587
comm_cell_wdi_int,Advanced economies,2009,103.766,111.524,123.727
comm_cell_wdi_int,Advanced economies,2010,107.204,114.357,123.236
comm_cell_wdi_int,Advanced economies,2011,107.817,115.596,126.56
comm_cell_wdi_int,Advanced economies,2012,109.747,116.564,129.305
comm_cell_wdi_int,Advanced economies,2013,109.997,114.749,128.161
comm_cell_wdi_int,Advanced economies,2014,111.69,117.781,131.145
comm_cell_wdi_int,Advanced economies,2015,112.964,121.212,130.982
comm_cell_wdi_int,Advanced economies,2016,110.749,121.42,130.933
comm_cell_wdi_int,Advanced economies,2017,112.03,123.415,132.003
comm_cell_wdi_int,Advanced economies,2018,110.033,121.162,128.946
comm_cell_wdi_int,Advanced economies,2019,110.494,120.776,132.181
comm_cell_wdi_int,Advanced economies,2020,110.387,121.423,131.341
comm_cell_wdi_int,Advanced economies,2021,113.953,123.212,133.357
comm_cell_wdi_int,Advanced economies,2022,115.203,123.4,136.029
comm_cell_wdi_int,Advanced economies,2023,117.2922,126.43,138.7412
comm_cell_wdi_int,Emerging markets,1990,0.0,0.0,0.0087
comm_cell_wdi_int,Emerging markets,1991,0.0,0.0,0.0652
comm_cell_wdi_int,Emerging markets,1992,0.0,0.0082,0.0981
comm_cell_wdi_int,Emerging markets,1993,0.0,0.0279,0.1813
comm_cell_wdi_int,Emerging markets,1994,0.0,0.0869,0.3436
comm_cell_wdi_int,Emerging markets,1995,0.0154,0.2344,0.7485
comm_cell_wdi_int,Emerging markets,1996,0.06,0.4645,1.3446
comm_cell_wdi_int,Emerging markets,1997,0.1947,0.8052,2.4694
comm_cell_wdi_int,Emerging markets,1998,0.409,1.3277,4.3299
comm_cell_wdi_int,Emerging markets,1999,0.7918,2.9131,7.9694
comm_cell_wdi_int,Emerging markets,2000,1.687,5.7734,12.9116
comm_cell_wdi_int,Emerging markets,2001,3.843,10.6404,17.8996
comm_cell_wdi_int,Emerging markets,2002,6.5242,14.6073,23.9898
comm_cell_wdi_int,Emerging markets,2003,11.1074,21.7045,34.8914
comm_cell_wdi_int,Emerging markets,2004,15.0824,30.4845,47.605
comm_cell_wdi_int,Emerging markets,2005,23.0284,41.2614,63.4056
comm_cell_wdi_int,Emerging markets,2006,32.0848,58.724,75.7178
comm_cell_wdi_int,Emerging markets,2007,45.6837,71.5609,92.6298
comm_cell_wdi_int,Emerging markets,2008,54.7542,80.532,106.75
comm_cell_wdi_int,Emerging markets,2009,67.7064,89.7687,118.3245
comm_cell_wdi_int,Emerging markets,2010,77.773,99.489,124.21
comm_cell_wdi_int,Emerging markets,2011,85.0941,109.334,131.096
comm_cell_wdi_int,Emerging markets,2012,90.7999,115.206,137.432
comm_cell_wdi_int,Emerging markets,2013,97.0569,117.194,141.8265
comm_cell_wdi_int,Emerging markets,2014,97.0288,115.701,142.4975
comm_cell_wdi_int,Emerging markets,2015,93.4682,118.599,142.3805
comm_cell_wdi_int,Emerging markets,2016,96.1407,117.671,138.785
comm_cell_wdi_int,Emerging markets,2017,95.7252,119.374,134.14
comm_cell_wdi_int,Emerging markets,2018,94.3558,118.876,134.3408
comm_cell_wdi_int,Emerging markets,2019,91.9714,122.048,135.574
comm_cell_wdi_int,Emerging markets,2020,96.1599,119.412,134.2985
comm_cell_wdi_int,Emerging markets,2021,95.234,121.492,137.6975
comm_cell_wdi_int,Emerging markets,2022,99.4888,121.317,141.3598
comm_cell_wdi_int,Emerging markets,2023,108.6558,128.323,147.5635
comm_cell_wdi_int,Low-income,1990,0.0,0.0,0.0
comm_cell_wdi_int,Low-income,1991,0.0,0.0,0.0
comm_cell_wdi_int,Low-income,1992,0.0,0.0,0.0
comm_cell_wdi_int,Low-income,1993,0.0,0.0,0.0004
comm_cell_wdi_int,Low-income,1994,0.0,0.0,0.0045
comm_cell_wdi_int,Low-income,1995,0.0,0.0,0.012
comm_cell_wdi_int,Low-income,1996,0.0,0.0117,0.0355
comm_cell_wdi_int,Low-income,1997,0.0,0.0213,0.0672
comm_cell_wdi_int,Low-income,1998,0.0068,0.0397,0.1241
comm_cell_wdi_int,Low-income,1999,0.0129,0.0793,0.2607
comm_cell_wdi_int,Low-income,2000,0.0417,0.2699,0.6926
comm_cell_wdi_int,Low-income,2001,0.2052,0.5731,1.6788
comm_cell_wdi_int,Low-income,2002,0.466,1.0465,2.3358
comm_cell_wdi_int,Low-income,2003,0.9087,2.1866,3.653
comm_cell_wdi_int,Low-income,2004,1.7945,3.5317,6.4848
comm_cell_wdi_int,Low-income,2005,2.7317,5.6282,10.3244
comm_cell_wdi_int,Low-income,2006,5.2371,11.2537,17.8682
comm_cell_wdi_int,Low-income,2007,10.0667,18.6632,25.1303
comm_cell_wdi_int,Low-income,2008,14.5781,28.0124,39.2846
comm_cell_wdi_int,Low-income,2009,19.1808,33.3849,48.8392
comm_cell_wdi_int,Low-income,2010,26.7823,41.1175,59.1442
comm_cell_wdi_int,Low-income,2011,33.2766,49.8848,71.4623
comm_cell_wdi_int,Low-income,2012,36.4875,59.2063,76.8296
comm_cell_wdi_int,Low-income,2013,49.6059,64.2059,80.106
comm_cell_wdi_int,Low-income,2014,56.001,69.0387,85.224
comm_cell_wdi_int,Low-income,2015,54.1062,76.5933,92.2368
comm_cell_wdi_int,Low-income,2016,55.5472,74.6243,97.0213
comm_cell_wdi_int,Low-income,2017,51.8122,75.7981,96.1913
comm_cell_wdi_int,Low-income,2018,49.9895,76.0691,98.8453
comm_cell_wdi_int,Low-income,2019,52.9334,79.1314,101.045
comm_cell_wdi_int,Low-income,2020,55.6179,84.6221,103.7258
comm_cell_wdi_int,Low-income,2021,59.5951,85.637,108.5155
comm_cell_wdi_int,Low-income,2022,62.3938,91.4217,108.7032
comm_cell_wdi_int,Low-income,2023,64.7588,94.8715,109.856
comm_cell_wdi_int,Jamaica,1990,,0.0,
comm_cell_wdi_int,Jamaica,1991,,0.1015,
comm_cell_wdi_int,Jamaica,1992,,0.3133,
comm_cell_wdi_int,Jamaica,1993,,0.619,
comm_cell_wdi_int,Jamaica,1994,,1.0509,
comm_cell_wdi_int,Jamaica,1995,,1.7988,
comm_cell_wdi_int,Jamaica,1996,,2.1572,
comm_cell_wdi_int,Jamaica,1997,,2.583,
comm_cell_wdi_int,Jamaica,1998,,3.0515,
comm_cell_wdi_int,Jamaica,1999,,5.5614,
comm_cell_wdi_int,Jamaica,2000,,14.0712,
comm_cell_wdi_int,Jamaica,2001,,22.7795,
comm_cell_wdi_int,Jamaica,2002,,47.148,
comm_cell_wdi_int,Jamaica,2003,,59.337,
comm_cell_wdi_int,Jamaica,2004,,68.7649,
comm_cell_wdi_int,Jamaica,2005,,73.7408,
comm_cell_wdi_int,Jamaica,2006,,84.2161,
comm_cell_wdi_int,Jamaica,2007,,98.9141,
comm_cell_wdi_int,Jamaica,2008,,99.9152,
comm_cell_wdi_int,Jamaica,2009,,108.004,
comm_cell_wdi_int,Jamaica,2010,,115.769,
comm_cell_wdi_int,Jamaica,2011,,106.698,
comm_cell_wdi_int,Jamaica,2012,,97.9263,
comm_cell_wdi_int,Jamaica,2013,,102.246,
comm_cell_wdi_int,Jamaica,2014,,107.579,
comm_cell_wdi_int,Jamaica,2015,,111.942,
comm_cell_wdi_int,Jamaica,2016,,116.279,
comm_cell_wdi_int,Jamaica,2017,,109.783,
comm_cell_wdi_int,Jamaica,2018,,105.137,
comm_cell_wdi_int,Jamaica,2019,,107.105,
comm_cell_wdi_int,Jamaica,2020,,101.502,
comm_cell_wdi_int,Jamaica,2021,,102.387,
comm_cell_wdi_int,Jamaica,2022,,105.762,
comm_cell_wdi_int,Jamaica,2023,,115.092,
sanitation_wdi,Advanced economies,2000,98.4674,99.4482,99.8727
sanitation_wdi,Advanced economies,2001,98.4687,99.4482,99.8724
sanitation_wdi,Advanced economies,2002,98.2785,99.4482,99.8722
sanitation_wdi,Advanced economies,2003,98.0891,99.4482,99.8719
sanitation_wdi,Advanced economies,2004,98.0678,99.4482,99.8716
sanitation_wdi,Advanced economies,2005,98.1704,99.2779,99.8713
sanitation_wdi,Advanced economies,2006,98.2921,99.2218,99.8711
sanitation_wdi,Advanced economies,2007,98.4121,99.2224,99.8708
sanitation_wdi,Advanced economies,2008,98.5303,99.223,99.8705
sanitation_wdi,Advanced economies,2009,98.5038,99.2236,99.8702
sanitation_wdi,Advanced economies,2010,98.5652,99.2241,99.8774
sanitation_wdi,Advanced economies,2011,98.6537,99.214,99.884
sanitation_wdi,Advanced economies,2012,98.6539,99.1603,99.8856
sanitation_wdi,Advanced economies,2013,98.6532,99.1355,99.8856
sanitation_wdi,Advanced economies,2014,98.6524,99.1778,99.8855
sanitation_wdi,Advanced economies,2015,98.6314,99.137,99.8855
sanitation_wdi,Advanced economies,2016,98.578,99.1373,99.8854
sanitation_wdi,Advanced economies,2017,98.5246,99.1376,99.8788
sanitation_wdi,Advanced economies,2018,98.4713,99.1374,99.8664
sanitation_wdi,Advanced economies,2019,98.4179,99.1371,99.854
sanitation_wdi,Advanced economies,2020,98.3645,99.1369,99.8416
sanitation_wdi,Advanced economies,2021,98.3112,99.1366,99.8292
sanitation_wdi,Advanced economies,2022,98.6172,99.2262,99.8509
sanitation_wdi,Emerging markets,2000,64.8743,82.7209,90.7684
sanitation_wdi,Emerging markets,2001,65.5384,82.8258,90.4884
sanitation_wdi,Emerging markets,2002,66.5539,83.0886,90.8988
sanitation_wdi,Emerging markets,2003,67.9494,83.4139,91.3107
sanitation_wdi,Emerging markets,2004,69.8252,83.7393,91.7107
sanitation_wdi,Emerging markets,2005,72.2781,84.0551,92.2938
sanitation_wdi,Emerging markets,2006,74.2829,84.4084,92.8297
sanitation_wdi,Emerging markets,2007,75.3938,84.4705,93.314
sanitation_wdi,Emerging markets,2008,76.326,85.1667,93.6528
sanitation_wdi,Emerging markets,2009,77.2559,85.8874,93.9923
sanitation_wdi,Emerging markets,2010,78.1843,86.3147,94.3432
sanitation_wdi,Emerging markets,2011,79.1103,87.0491,94.8303
sanitation_wdi,Emerging markets,2012,80.0253,87.219,95.0614
sanitation_wdi,Emerging markets,2013,81.3135,88.0735,95.2969
sanitation_wdi,Emerging markets,2014,82.4328,89.6672,95.5817
sanitation_wdi,Emerging markets,2015,82.9765,90.2897,96.0727
sanitation_wdi,Emerging markets,2016,83.175,90.7085,96.2154
sanitation_wdi,Emerging markets,2017,83.257,90.7744,96.7174
sanitation_wdi,Emerging markets,2018,84.4435,91.4585,97.3674
sanitation_wdi,Emerging markets,2019,84.1309,92.1285,97.8685
sanitation_wdi,Emerging markets,2020,84.5739,92.8515,98.0348
sanitation_wdi,Emerging markets,2021,85.7843,93.6027,98.2115
sanitation_wdi,Emerging markets,2022,86.0119,93.9475,98.3866
sanitation_wdi,Low-income,2000,9.6702,20.3042,37.2044
sanitation_wdi,Low-income,2001,10.282,20.673,37.9517
sanitation_wdi,Low-income,2002,11.3937,21.3785,38.3674
sanitation_wdi,Low-income,2003,12.2687,22.1314,38.5908
sanitation_wdi,Low-income,2004,13.0815,22.9792,40.2934
sanitation_wdi,Low-income,2005,13.5511,23.8652,42.0545
sanitation_wdi,Low-income,2006,14.0325,25.0632,43.1437
sanitation_wdi,Low-income,2007,14.9295,25.9138,44.2306
sanitation_wdi,Low-income,2008,16.125,26.7577,45.3148
sanitation_wdi,Low-income,2009,16.9336,28.3079,45.9285
sanitation_wdi,Low-income,2010,17.8259,30.4253,45.9301
sanitation_wdi,Low-income,2011,18.3648,31.699,46.176
sanitation_wdi,Low-income,2012,18.7829,32.6984,48.1954
sanitation_wdi,Low-income,2013,18.5881,33.711,50.1546
sanitation_wdi,Low-income,2014,19.3093,34.268,51.1051
sanitation_wdi,Low-income,2015,19.8704,35.4418,52.5067
sanitation_wdi,Low-income,2016,21.0489,36.3771,53.435
sanitation_wdi,Low-income,2017,22.3016,38.4571,54.9399
sanitation_wdi,Low-income,2018,23.6323,40.6357,55.996
sanitation_wdi,Low-income,2019,24.9811,42.4009,57.049
sanitation_wdi,Low-income,2020,25.4646,43.4602,60.2543
sanitation_wdi,Low-income,2021,24.8747,43.7059,58.8417
sanitation_wdi,Low-income,2022,27.072,45.4364,61.8642
sanitation_wdi,Jamaica,2000,,82.7209,
sanitation_wdi,Jamaica,2001,,82.8258,
sanitation_wdi,Jamaica,2002,,82.9291,
sanitation_wdi,Jamaica,2003,,83.0316,
sanitation_wdi,Jamaica,2004,,83.2747,
sanitation_wdi,Jamaica,2005,,83.5165,
sanitation_wdi,Jamaica,2006,,83.757,
sanitation_wdi,Jamaica,2007,,83.996,
sanitation_wdi,Jamaica,2008,,84.2337,
sanitation_wdi,Jamaica,2009,,84.47,
sanitation_wdi,Jamaica,2010,,84.7049,
sanitation_wdi,Jamaica,2011,,84.9384,
sanitation_wdi,Jamaica,2012,,85.17,
sanitation_wdi,Jamaica,2013,,85.3992,
sanitation_wdi,Jamaica,2014,,85.6258,
sanitation_wdi,Jamaica,2015,,85.8496,
sanitation_wdi,Jamaica,2016,,86.0702,
sanitation_wdi,Jamaica,2017,,86.2874,
sanitation_wdi,Jamaica,2018,,86.4997,
sanitation_wdi,Jamaica,2019,,86.6316,
sanitation_wdi,Jamaica,2020,,86.6064,
sanitation_wdi,Jamaica,2021,,86.5801,
sanitation_wdi,Jamaica,2022,,86.5526,
water_drinking_wdi,Advanced economies,2000,99.2283,99.8894,100.0
water_drinking_wdi,Advanced economies,2001,99.2239,99.8893,100.0
water_drinking_wdi,Advanced economies,2002,99.0788,99.8504,100.0
water_drinking_wdi,Advanced economies,2003,99.0711,99.8493,100.0
water_drinking_wdi,Advanced economies,2004,99.0645,99.8482,100.0
water_drinking_wdi,Advanced economies,2005,98.897,99.8282,100.0
water_drinking_wdi,Advanced economies,2006,98.9038,99.8338,100.0
water_drinking_wdi,Advanced economies,2007,98.9106,99.8504,100.0
water_drinking_wdi,Advanced economies,2008,99.1029,99.8605,100.0
water_drinking_wdi,Advanced economies,2009,99.109,99.8806,100.0
water_drinking_wdi,Advanced economies,2010,99.1293,99.9009,100.0
water_drinking_wdi,Advanced economies,2011,99.1861,99.9156,100.0
water_drinking_wdi,Advanced economies,2012,99.3347,99.9301,100.0
water_drinking_wdi,Advanced economies,2013,99.4436,99.9331,100.0
water_drinking_wdi,Advanced economies,2014,99.4641,99.9358,100.0
water_drinking_wdi,Advanced economies,2015,99.4846,99.9259,100.0
water_drinking_wdi,Advanced economies,2016,99.5176,99.9218,100.0
water_drinking_wdi,Advanced economies,2017,99.5988,99.9327,100.0
water_drinking_wdi,Advanced economies,2018,99.6798,99.9446,100.0
water_drinking_wdi,Advanced economies,2019,99.7378,99.9478,100.0
water_drinking_wdi,Advanced economies,2020,99.7559,99.9477,100.0
water_drinking_wdi,Advanced economies,2021,99.7585,99.9497,100.0
water_drinking_wdi,Advanced economies,2022,99.7585,99.9849,100.0
water_drinking_wdi,Emerging markets,2000,83.5908,91.1949,96.8838
water_drinking_wdi,Emerging markets,2001,84.1354,91.1741,96.9141
water_drinking_wdi,Emerging markets,2002,84.5361,91.7392,96.8835
water_drinking_wdi,Emerging markets,2003,85.0651,92.0221,96.9211
water_drinking_wdi,Emerging markets,2004,85.459,92.1922,96.926
water_drinking_wdi,Emerging markets,2005,86.031,92.8152,97.0296
water_drinking_wdi,Emerging markets,2006,86.6613,92.9137,96.9824
water_drinking_wdi,Emerging markets,2007,87.3794,93.2517,97.1769
water_drinking_wdi,Emerging markets,2008,87.9577,93.5748,97.4935
water_drinking_wdi,Emerging markets,2009,88.3843,93.8825,97.4347
water_drinking_wdi,Emerging markets,2010,88.8442,94.1761,97.5434
water_drinking_wdi,Emerging markets,2011,89.6277,94.5876,97.6997
water_drinking_wdi,Emerging markets,2012,90.4109,94.6933,97.8959
water_drinking_wdi,Emerging markets,2013,90.9474,94.931,98.2051
water_drinking_wdi,Emerging markets,2014,91.3761,95.2101,98.3204
water_drinking_wdi,Emerging markets,2015,92.0991,95.4944,98.4385
water_drinking_wdi,Emerging markets,2016,92.6156,95.7729,98.5104
water_drinking_wdi,Emerging markets,2017,92.8079,96.0213,98.6674
water_drinking_wdi,Emerging markets,2018,93.1326,96.168,98.8752
water_drinking_wdi,Emerging markets,2019,93.4778,96.3581,98.9924
water_drinking_wdi,Emerging markets,2020,93.6469,96.6927,99.1675
water_drinking_wdi,Emerging markets,2021,93.8284,96.9661,99.2126
water_drinking_wdi,Emerging markets,2022,94.1087,97.1691,99.2368
water_drinking_wdi,Low-income,2000,43.7499,52.8775,66.4165
water_drinking_wdi,Low-income,2001,44.1186,54.1514,66.8755
water_drinking_wdi,Low-income,2002,44.6754,55.3148,67.1321
water_drinking_wdi,Low-income,2003,45.601,56.3643,68.1879
water_drinking_wdi,Low-income,2004,47.1839,56.3418,69.2453
water_drinking_wdi,Low-income,2005,48.4844,57.7458,70.3033
water_drinking_wdi,Low-income,2006,48.8595,58.8475,71.3264
water_drinking_wdi,Low-income,2007,49.247,59.6695,71.4333
water_drinking_wdi,Low-income,2008,49.6487,60.4885,71.5377
water_drinking_wdi,Low-income,2009,50.4963,61.7033,71.6391
water_drinking_wdi,Low-income,2010,51.648,63.1601,71.8301
water_drinking_wdi,Low-income,2011,52.5946,63.3529,72.4347
water_drinking_wdi,Low-income,2012,53.7278,64.054,72.0911
water_drinking_wdi,Low-income,2013,54.8624,64.9166,73.6368
water_drinking_wdi,Low-income,2014,55.998,65.4925,75.4026
water_drinking_wdi,Low-income,2015,57.1346,66.1082,75.9499
water_drinking_wdi,Low-income,2016,58.2718,67.1719,76.4119
water_drinking_wdi,Low-income,2017,59.5076,68.0089,78.5901
water_drinking_wdi,Low-income,2018,60.4671,70.7953,80.188
water_drinking_wdi,Low-income,2019,61.3745,72.5411,80.2105
water_drinking_wdi,Low-income,2020,61.5377,71.4479,80.9876
water_drinking_wdi,Low-income,2021,61.9439,71.0728,82.049
water_drinking_wdi,Low-income,2022,62.441,71.8719,82.3844
water_drinking_wdi,Jamaica,2000,,93.14,
water_drinking_wdi,Jamaica,2001,,93.2948,
water_drinking_wdi,Jamaica,2002,,93.4447,
water_drinking_wdi,Jamaica,2003,,93.5926,
water_drinking_wdi,Jamaica,2004,,93.4054,
water_drinking_wdi,Jamaica,2005,,93.0699,
water_drinking_wdi,Jamaica,2006,,92.7062,
water_drinking_wdi,Jamaica,2007,,92.3411,
water_drinking_wdi,Jamaica,2008,,91.9748,
water_drinking_wdi,Jamaica,2009,,91.6072,
water_drinking_wdi,Jamaica,2010,,91.2383,
water_drinking_wdi,Jamaica,2011,,90.8684,
water_drinking_wdi,Jamaica,2012,,90.4989,
water_drinking_wdi,Jamaica,2013,,90.1301,
water_drinking_wdi,Jamaica,2014,,90.2731,
water_drinking_wdi,Jamaica,2015,,90.4168,
water_drinking_wdi,Jamaica,2016,,90.5612,
water_drinking_wdi,Jamaica,2017,,90.7061,
water_drinking_wdi,Jamaica,2018,,90.8516,
water_drinking_wdi,Jamaica,2019,,90.9974,
water_drinking_wdi,Jamaica,2020,,91.0299,
water_drinking_wdi,Jamaica,2021,,91.064,
water_drinking_wdi,Jamaica,2022,,91.0996,
infra_quality,Advanced economies,2007,4.555,5.4,5.9925
infra_quality,Advanced economies,2008,4.5025,5.43,5.9625
infra_quality,Advanced economies,2009,4.7225,5.63,6.04
infra_quality,Advanced economies,2010,5.105,5.77,6.015
infra_quality,Advanced economies,2011,5.1275,5.63,6.0625
infra_quality,Advanced economies,2012,5.2175,5.625,6.125
infra_quality,Advanced economies,2013,5.1425,5.565,6.0375
infra_quality,Advanced economies,2014,5.0525,5.475,5.99
infra_quality,Advanced economies,2015,4.86,5.385,5.8275
infra_quality,Advanced economies,2016,4.6925,5.2,5.7025
infra_quality,Advanced economies,2017,4.7125,5.29,5.7125
infra_quality,Emerging markets,2007,2.71,3.39,4.345
infra_quality,Emerging markets,2008,2.75,3.41,4.4975
infra_quality,Emerging markets,2009,3.1275,3.755,4.58
infra_quality,Emerging markets,2010,3.49,3.97,4.76
infra_quality,Emerging markets,2011,3.545,4.125,4.6475
infra_quality,Emerging markets,2012,3.5,4.17,4.7
infra_quality,Emerging markets,2013,3.55,4.16,4.705
infra_quality,Emerging markets,2014,3.59,3.995,4.65
infra_quality,Emerging markets,2015,3.4625,3.945,4.4675
infra_quality,Emerging markets,2016,3.35,4.0,4.49
infra_quality,Emerging markets,2017,3.525,3.98,4.525
infra_quality,Low-income,2007,2.07,2.35,2.69
infra_quality,Low-income,2008,2.1875,2.5,2.8625
infra_quality,Low-income,2009,2.6975,2.855,3.185
infra_quality,Low-income,2010,2.8675,3.34,3.7275
infra_quality,Low-income,2011,2.925,3.17,3.635
infra_quality,Low-income,2012,2.875,3.23,3.64
infra_quality,Low-income,2013,2.82,3.22,3.54
infra_quality,Low-income,2014,2.8025,3.185,3.605
infra_quality,Low-income,2015,2.655,3.13,3.65
infra_quality,Low-income,2016,2.4025,2.945,3.445
infra_quality,Low-income,2017,2.435,2.87,3.515
infra_quality,Jamaica,2007,,3.76,
infra_quality,Jamaica,2008,,3.82,
infra_quality,Jamaica,2009,,4.39,
infra_quality,Jamaica,2010,,4.38,
infra_quality,Jamaica,2011,,4.23,
infra_quality,Jamaica,2012,,4.17,
infra_quality,Jamaica,2013,,4.16,
infra_quality,Jamaica,2014,,4.21,
infra_quality,Jamaica,2015,,3.98,
infra_quality,Jamaica,2016,,4.07,
infra_quality,Jamaica,2017,,4.17,
