year,duration,variable,pct_dev
2025.0,1-year shock (4 quarters),Output (Y<sup>d</sup><sub>t</sub>),0.0
2025.25,1-year shock (4 quarters),Output (Y<sup>d</sup><sub>t</sub>),0.544
2025.5,1-year shock (4 quarters),Output (Y<sup>d</sup><sub>t</sub>),0.57
2025.75,1-year shock (4 quarters),Output (Y<sup>d</sup><sub>t</sub>),0.633
2026.0,1-year shock (4 quarters),Output (Y<sup>d</sup><sub>t</sub>),0.729
2026.25,1-year shock (4 quarters),Output (Y<sup>d</sup><sub>t</sub>),-0.137
2026.5,1-year shock (4 quarters),Output (Y<sup>d</sup><sub>t</sub>),-0.069
2026.75,1-year shock (4 quarters),Output (Y<sup>d</sup><sub>t</sub>),-0.035
2027.0,1-year shock (4 quarters),Output (Y<sup>d</sup><sub>t</sub>),-0.018
2027.25,1-year shock (4 quarters),Output (Y<sup>d</sup><sub>t</sub>),-0.009
2027.5,1-year shock (4 quarters),Output (Y<sup>d</sup><sub>t</sub>),-0.005
2027.75,1-year shock (4 quarters),Output (Y<sup>d</sup><sub>t</sub>),-0.002
2028.0,1-year shock (4 quarters),Output (Y<sup>d</sup><sub>t</sub>),-0.001
2028.25,1-year shock (4 quarters),Output (Y<sup>d</sup><sub>t</sub>),-0.001
2028.5,1-year shock (4 quarters),Output (Y<sup>d</sup><sub>t</sub>),-0.0
2028.75,1-year shock (4 quarters),Output (Y<sup>d</sup><sub>t</sub>),-0.0
2029.0,1-year shock (4 quarters),Output (Y<sup>d</sup><sub>t</sub>),-0.0
2029.25,1-year shock (4 quarters),Output (Y<sup>d</sup><sub>t</sub>),-0.0
2029.5,1-year shock (4 quarters),Output (Y<sup>d</sup><sub>t</sub>),-0.0
2029.75,1-year shock (4 quarters),Output (Y<sup>d</sup><sub>t</sub>),-0.0
2030.0,1-year shock (4 quarters),Output (Y<sup>d</sup><sub>t</sub>),-0.0
2030.25,1-year shock (4 quarters),Output (Y<sup>d</sup><sub>t</sub>),-0.0
2030.5,1-year shock (4 quarters),Output (Y<sup>d</sup><sub>t</sub>),-0.0
2030.75,1-year shock (4 quarters),Output (Y<sup>d</sup><sub>t</sub>),-0.0
2031.0,1-year shock (4 quarters),Output (Y<sup>d</sup><sub>t</sub>),-0.0
2031.25,1-year shock (4 quarters),Output (Y<sup>d</sup><sub>t</sub>),-0.0
2031.5,1-year shock (4 quarters),Output (Y<sup>d</sup><sub>t</sub>),-0.0
2031.75,1-year shock (4 quarters),Output (Y<sup>d</sup><sub>t</sub>),-0.0
2032.0,1-year shock (4 quarters),Output (Y<sup>d</sup><sub>t</sub>),-0.0
2032.25,1-year shock (4 quarters),Output (Y<sup>d</sup><sub>t</sub>),-0.0
2032.5,1-year shock (4 quarters),Output (Y<sup>d</sup><sub>t</sub>),-0.0
2032.75,1-year shock (4 quarters),Output (Y<sup>d</sup><sub>t</sub>),-0.0
2033.0,1-year shock (4 quarters),Output (Y<sup>d</sup><sub>t</sub>),-0.0
2033.25,1-year shock (4 quarters),Output (Y<sup>d</sup><sub>t</sub>),-0.0
2033.5,1-year shock (4 quarters),Output (Y<sup>d</sup><sub>t</sub>),-0.0
2033.75,1-year shock (4 quarters),Output (Y<sup>d</sup><sub>t</sub>),-0.0
2034.0,1-year shock (4 quarters),Output (Y<sup>d</sup><sub>t</sub>),-0.0
2034.25,1-year shock (4 quarters),Output (Y<sup>d</sup><sub>t</sub>),-0.0
2034.5,1-year shock (4 quarters),Output (Y<sup>d</sup><sub>t</sub>),-0.0
2034.75,1-year shock (4 quarters),Output (Y<sup>d</sup><sub>t</sub>),-0.0
2035.0,1-year shock (4 quarters),Output (Y<sup>d</sup><sub>t</sub>),-0.0
2035.25,1-year shock (4 quarters),Output (Y<sup>d</sup><sub>t</sub>),-0.0
2035.5,1-year shock (4 quarters),Output (Y<sup>d</sup><sub>t</sub>),-0.0
2035.75,1-year shock (4 quarters),Output (Y<sup>d</sup><sub>t</sub>),-0.0
2036.0,1-year shock (4 quarters),Output (Y<sup>d</sup><sub>t</sub>),-0.0
2036.25,1-year shock (4 quarters),Output (Y<sup>d</sup><sub>t</sub>),-0.0
2036.5,1-year shock (4 quarters),Output (Y<sup>d</sup><sub>t</sub>),-0.0
2036.75,1-year shock (4 quarters),Output (Y<sup>d</sup><sub>t</sub>),-0.0
2037.0,1-year shock (4 quarters),Output (Y<sup>d</sup><sub>t</sub>),-0.0
2025.0,5-year shock (20 quarters),Output (Y<sup>d</sup><sub>t</sub>),0.0
2025.25,5-year shock (20 quarters),Output (Y<sup>d</sup><sub>t</sub>),0.24
2025.5,5-year shock (20 quarters),Output (Y<sup>d</sup><sub>t</sub>),0.332
2025.75,5-year shock (20 quarters),Output (Y<sup>d</sup><sub>t</sub>),0.374
2026.0,5-year shock (20 quarters),Output (Y<sup>d</sup><sub>t</sub>),0.392
2026.25,5-year shock (20 quarters),Output (Y<sup>d</sup><sub>t</sub>),0.397
2026.5,5-year shock (20 quarters),Output (Y<sup>d</sup><sub>t</sub>),0.396
2026.75,5-year shock (20 quarters),Output (Y<sup>d</sup><sub>t</sub>),0.393
2027.0,5-year shock (20 quarters),Output (Y<sup>d</sup><sub>t</sub>),0.388
2027.25,5-year shock (20 quarters),Output (Y<sup>d</sup><sub>t</sub>),0.384
2027.5,5-year shock (20 quarters),Output (Y<sup>d</sup><sub>t</sub>),0.38
2027.75,5-year shock (20 quarters),Output (Y<sup>d</sup><sub>t</sub>),0.379
2028.0,5-year shock (20 quarters),Output (Y<sup>d</sup><sub>t</sub>),0.38
2028.25,5-year shock (20 quarters),Output (Y<sup>d</sup><sub>t</sub>),0.385
2028.5,5-year shock (20 quarters),Output (Y<sup>d</sup><sub>t</sub>),0.396
2028.75,5-year shock (20 quarters),Output (Y<sup>d</sup><sub>t</sub>),0.414
2029.0,5-year shock (20 quarters),Output (Y<sup>d</sup><sub>t</sub>),0.442
2029.25,5-year shock (20 quarters),Output (Y<sup>d</sup><sub>t</sub>),0.483
2029.5,5-year shock (20 quarters),Output (Y<sup>d</sup><sub>t</sub>),0.539
2029.75,5-year shock (20 quarters),Output (Y<sup>d</sup><sub>t</sub>),0.617
2030.0,5-year shock (20 quarters),Output (Y<sup>d</sup><sub>t</sub>),0.721
2030.25,5-year shock (20 quarters),Output (Y<sup>d</sup><sub>t</sub>),-0.141
2030.5,5-year shock (20 quarters),Output (Y<sup>d</sup><sub>t</sub>),-0.071
2030.75,5-year shock (20 quarters),Output (Y<sup>d</sup><sub>t</sub>),-0.036
2031.0,5-year shock (20 quarters),Output (Y<sup>d</sup><sub>t</sub>),-0.018
2031.25,5-year shock (20 quarters),Output (Y<sup>d</sup><sub>t</sub>),-0.009
2031.5,5-year shock (20 quarters),Output (Y<sup>d</sup><sub>t</sub>),-0.005
2031.75,5-year shock (20 quarters),Output (Y<sup>d</sup><sub>t</sub>),-0.002
2032.0,5-year shock (20 quarters),Output (Y<sup>d</sup><sub>t</sub>),-0.001
2032.25,5-year shock (20 quarters),Output (Y<sup>d</sup><sub>t</sub>),-0.001
2032.5,5-year shock (20 quarters),Output (Y<sup>d</sup><sub>t</sub>),-0.0
2032.75,5-year shock (20 quarters),Output (Y<sup>d</sup><sub>t</sub>),-0.0
2033.0,5-year shock (20 quarters),Output (Y<sup>d</sup><sub>t</sub>),-0.0
2033.25,5-year shock (20 quarters),Output (Y<sup>d</sup><sub>t</sub>),-0.0
2033.5,5-year shock (20 quarters),Output (Y<sup>d</sup><sub>t</sub>),-0.0
2033.75,5-year shock (20 quarters),Output (Y<sup>d</sup><sub>t</sub>),-0.0
2034.0,5-year shock (20 quarters),Output (Y<sup>d</sup><sub>t</sub>),-0.0
2034.25,5-year shock (20 quarters),Output (Y<sup>d</sup><sub>t</sub>),-0.0
2034.5,5-year shock (20 quarters),Output (Y<sup>d</sup><sub>t</sub>),-0.0
2034.75,5-year shock (20 quarters),Output (Y<sup>d</sup><sub>t</sub>),-0.0
2035.0,5-year shock (20 quarters),Output (Y<sup>d</sup><sub>t</sub>),-0.0
2035.25,5-year shock (20 quarters),Output (Y<sup>d</sup><sub>t</sub>),-0.0
2035.5,5-year shock (20 quarters),Output (Y<sup>d</sup><sub>t</sub>),-0.0
2035.75,5-year shock (20 quarters),Output (Y<sup>d</sup><sub>t</sub>),-0.0
2036.0,5-year shock (20 quarters),Output (Y<sup>d</sup><sub>t</sub>),-0.0
2036.25,5-year shock (20 quarters),Output (Y<sup>d</sup><sub>t</sub>),-0.0
2036.5,5-year shock (20 quarters),Output (Y<sup>d</sup><sub>t</sub>),-0.0
2036.75,5-year shock (20 quarters),Output (Y<sup>d</sup><sub>t</sub>),-0.0
2037.0,5-year shock (20 quarters),Output (Y<sup>d</sup><sub>t</sub>),-0.0
2025.0,Permanent shock,Output (Y<sup>d</sup><sub>t</sub>),0.0
2025.25,Permanent shock,Output (Y<sup>d</sup><sub>t</sub>),0.23
2025.5,Permanent shock,Output (Y<sup>d</sup><sub>t</sub>),0.35
2025.75,Permanent shock,Output (Y<sup>d</sup><sub>t</sub>),0.408
2026.0,Permanent shock,Output (Y<sup>d</sup><sub>t</sub>),0.436
2026.25,Permanent shock,Output (Y<sup>d</sup><sub>t</sub>),0.449
2026.5,Permanent shock,Output (Y<sup>d</sup><sub>t</sub>),0.456
2026.75,Permanent shock,Output (Y<sup>d</sup><sub>t</sub>),0.459
2027.0,Permanent shock,Output (Y<sup>d</sup><sub>t</sub>),0.46
2027.25,Permanent shock,Output (Y<sup>d</sup><sub>t</sub>),0.461
2027.5,Permanent shock,Output (Y<sup>d</sup><sub>t</sub>),0.461
2027.75,Permanent shock,Output (Y<sup>d</sup><sub>t</sub>),0.461
2028.0,Permanent shock,Output (Y<sup>d</sup><sub>t</sub>),0.461
2028.25,Permanent shock,Output (Y<sup>d</sup><sub>t</sub>),0.461
2028.5,Permanent shock,Output (Y<sup>d</sup><sub>t</sub>),0.461
2028.75,Permanent shock,Output (Y<sup>d</sup><sub>t</sub>),0.461
2029.0,Permanent shock,Output (Y<sup>d</sup><sub>t</sub>),0.461
2029.25,Permanent shock,Output (Y<sup>d</sup><sub>t</sub>),0.461
2029.5,Permanent shock,Output (Y<sup>d</sup><sub>t</sub>),0.461
2029.75,Permanent shock,Output (Y<sup>d</sup><sub>t</sub>),0.461
2030.0,Permanent shock,Output (Y<sup>d</sup><sub>t</sub>),0.461
2030.25,Permanent shock,Output (Y<sup>d</sup><sub>t</sub>),0.461
2030.5,Permanent shock,Output (Y<sup>d</sup><sub>t</sub>),0.461
2030.75,Permanent shock,Output (Y<sup>d</sup><sub>t</sub>),0.461
2031.0,Permanent shock,Output (Y<sup>d</sup><sub>t</sub>),0.461
2031.25,Permanent shock,Output (Y<sup>d</sup><sub>t</sub>),0.461
2031.5,Permanent shock,Output (Y<sup>d</sup><sub>t</sub>),0.461
2031.75,Permanent shock,Output (Y<sup>d</sup><sub>t</sub>),0.461
2032.0,Permanent shock,Output (Y<sup>d</sup><sub>t</sub>),0.461
2032.25,Permanent shock,Output (Y<sup>d</sup><sub>t</sub>),0.461
2032.5,Permanent shock,Output (Y<sup>d</sup><sub>t</sub>),0.461
2032.75,Permanent shock,Output (Y<sup>d</sup><sub>t</sub>),0.461
2033.0,Permanent shock,Output (Y<sup>d</sup><sub>t</sub>),0.461
2033.25,Permanent shock,Output (Y<sup>d</sup><sub>t</sub>),0.461
2033.5,Permanent shock,Output (Y<sup>d</sup><sub>t</sub>),0.461
2033.75,Permanent shock,Output (Y<sup>d</sup><sub>t</sub>),0.461
2034.0,Permanent shock,Output (Y<sup>d</sup><sub>t</sub>),0.461
2034.25,Permanent shock,Output (Y<sup>d</sup><sub>t</sub>),0.461
2034.5,Permanent shock,Output (Y<sup>d</sup><sub>t</sub>),0.461
2034.75,Permanent shock,Output (Y<sup>d</sup><sub>t</sub>),0.461
2035.0,Permanent shock,Output (Y<sup>d</sup><sub>t</sub>),0.461
2035.25,Permanent shock,Output (Y<sup>d</sup><sub>t</sub>),0.461
2035.5,Permanent shock,Output (Y<sup>d</sup><sub>t</sub>),0.461
2035.75,Permanent shock,Output (Y<sup>d</sup><sub>t</sub>),0.461
2036.0,Permanent shock,Output (Y<sup>d</sup><sub>t</sub>),0.461
2036.25,Permanent shock,Output (Y<sup>d</sup><sub>t</sub>),0.461
2036.5,Permanent shock,Output (Y<sup>d</sup><sub>t</sub>),0.461
2036.75,Permanent shock,Output (Y<sup>d</sup><sub>t</sub>),0.461
2037.0,Permanent shock,Output (Y<sup>d</sup><sub>t</sub>),0.461
2025.0,1-year shock (4 quarters),Consumption (C<sub>t</sub>),0.0
2025.25,1-year shock (4 quarters),Consumption (C<sub>t</sub>),-0.557
2025.5,1-year shock (4 quarters),Consumption (C<sub>t</sub>),-0.524
2025.75,1-year shock (4 quarters),Consumption (C<sub>t</sub>),-0.448
2026.0,1-year shock (4 quarters),Consumption (C<sub>t</sub>),-0.331
2026.25,1-year shock (4 quarters),Consumption (C<sub>t</sub>),-0.167
2026.5,1-year shock (4 quarters),Consumption (C<sub>t</sub>),-0.084
2026.75,1-year shock (4 quarters),Consumption (C<sub>t</sub>),-0.043
2027.0,1-year shock (4 quarters),Consumption (C<sub>t</sub>),-0.022
2027.25,1-year shock (4 quarters),Consumption (C<sub>t</sub>),-0.011
2027.5,1-year shock (4 quarters),Consumption (C<sub>t</sub>),-0.006
2027.75,1-year shock (4 quarters),Consumption (C<sub>t</sub>),-0.003
2028.0,1-year shock (4 quarters),Consumption (C<sub>t</sub>),-0.001
2028.25,1-year shock (4 quarters),Consumption (C<sub>t</sub>),-0.001
2028.5,1-year shock (4 quarters),Consumption (C<sub>t</sub>),-0.0
2028.75,1-year shock (4 quarters),Consumption (C<sub>t</sub>),-0.0
2029.0,1-year shock (4 quarters),Consumption (C<sub>t</sub>),-0.0
2029.25,1-year shock (4 quarters),Consumption (C<sub>t</sub>),-0.0
2029.5,1-year shock (4 quarters),Consumption (C<sub>t</sub>),-0.0
2029.75,1-year shock (4 quarters),Consumption (C<sub>t</sub>),-0.0
2030.0,1-year shock (4 quarters),Consumption (C<sub>t</sub>),-0.0
2030.25,1-year shock (4 quarters),Consumption (C<sub>t</sub>),-0.0
2030.5,1-year shock (4 quarters),Consumption (C<sub>t</sub>),-0.0
2030.75,1-year shock (4 quarters),Consumption (C<sub>t</sub>),-0.0
2031.0,1-year shock (4 quarters),Consumption (C<sub>t</sub>),-0.0
2031.25,1-year shock (4 quarters),Consumption (C<sub>t</sub>),-0.0
2031.5,1-year shock (4 quarters),Consumption (C<sub>t</sub>),-0.0
2031.75,1-year shock (4 quarters),Consumption (C<sub>t</sub>),-0.0
2032.0,1-year shock (4 quarters),Consumption (C<sub>t</sub>),-0.0
2032.25,1-year shock (4 quarters),Consumption (C<sub>t</sub>),-0.0
2032.5,1-year shock (4 quarters),Consumption (C<sub>t</sub>),-0.0
2032.75,1-year shock (4 quarters),Consumption (C<sub>t</sub>),-0.0
2033.0,1-year shock (4 quarters),Consumption (C<sub>t</sub>),-0.0
2033.25,1-year shock (4 quarters),Consumption (C<sub>t</sub>),-0.0
2033.5,1-year shock (4 quarters),Consumption (C<sub>t</sub>),-0.0
2033.75,1-year shock (4 quarters),Consumption (C<sub>t</sub>),-0.0
2034.0,1-year shock (4 quarters),Consumption (C<sub>t</sub>),-0.0
2034.25,1-year shock (4 quarters),Consumption (C<sub>t</sub>),-0.0
2034.5,1-year shock (4 quarters),Consumption (C<sub>t</sub>),-0.0
2034.75,1-year shock (4 quarters),Consumption (C<sub>t</sub>),-0.0
2035.0,1-year shock (4 quarters),Consumption (C<sub>t</sub>),-0.0
2035.25,1-year shock (4 quarters),Consumption (C<sub>t</sub>),-0.0
2035.5,1-year shock (4 quarters),Consumption (C<sub>t</sub>),-0.0
2035.75,1-year shock (4 quarters),Consumption (C<sub>t</sub>),-0.0
2036.0,1-year shock (4 quarters),Consumption (C<sub>t</sub>),-0.0
2036.25,1-year shock (4 quarters),Consumption (C<sub>t</sub>),-0.0
2036.5,1-year shock (4 quarters),Consumption (C<sub>t</sub>),-0.0
2036.75,1-year shock (4 quarters),Consumption (C<sub>t</sub>),-0.0
2037.0,1-year shock (4 quarters),Consumption (C<sub>t</sub>),-0.0
2025.0,5-year shock (20 quarters),Consumption (C<sub>t</sub>),0.0
2025.25,5-year shock (20 quarters),Consumption (C<sub>t</sub>),-0.926
2025.5,5-year shock (20 quarters),Consumption (C<sub>t</sub>),-0.814
2025.75,5-year shock (20 quarters),Consumption (C<sub>t</sub>),-0.763
2026.0,5-year shock (20 quarters),Consumption (C<sub>t</sub>),-0.742
2026.25,5-year shock (20 quarters),Consumption (C<sub>t</sub>),-0.735
2026.5,5-year shock (20 quarters),Consumption (C<sub>t</sub>),-0.736
2026.75,5-year shock (20 quarters),Consumption (C<sub>t</sub>),-0.74
2027.0,5-year shock (20 quarters),Consumption (C<sub>t</sub>),-0.746
2027.25,5-year shock (20 quarters),Consumption (C<sub>t</sub>),-0.752
2027.5,5-year shock (20 quarters),Consumption (C<sub>t</sub>),-0.756
2027.75,5-year shock (20 quarters),Consumption (C<sub>t</sub>),-0.758
2028.0,5-year shock (20 quarters),Consumption (C<sub>t</sub>),-0.756
2028.25,5-year shock (20 quarters),Consumption (C<sub>t</sub>),-0.75
2028.5,5-year shock (20 quarters),Consumption (C<sub>t</sub>),-0.737
2028.75,5-year shock (20 quarters),Consumption (C<sub>t</sub>),-0.714
2029.0,5-year shock (20 quarters),Consumption (C<sub>t</sub>),-0.68
2029.25,5-year shock (20 quarters),Consumption (C<sub>t</sub>),-0.631
2029.5,5-year shock (20 quarters),Consumption (C<sub>t</sub>),-0.562
2029.75,5-year shock (20 quarters),Consumption (C<sub>t</sub>),-0.467
2030.0,5-year shock (20 quarters),Consumption (C<sub>t</sub>),-0.341
2030.25,5-year shock (20 quarters),Consumption (C<sub>t</sub>),-0.172
2030.5,5-year shock (20 quarters),Consumption (C<sub>t</sub>),-0.087
2030.75,5-year shock (20 quarters),Consumption (C<sub>t</sub>),-0.044
2031.0,5-year shock (20 quarters),Consumption (C<sub>t</sub>),-0.022
2031.25,5-year shock (20 quarters),Consumption (C<sub>t</sub>),-0.011
2031.5,5-year shock (20 quarters),Consumption (C<sub>t</sub>),-0.006
2031.75,5-year shock (20 quarters),Consumption (C<sub>t</sub>),-0.003
2032.0,5-year shock (20 quarters),Consumption (C<sub>t</sub>),-0.002
2032.25,5-year shock (20 quarters),Consumption (C<sub>t</sub>),-0.001
2032.5,5-year shock (20 quarters),Consumption (C<sub>t</sub>),-0.0
2032.75,5-year shock (20 quarters),Consumption (C<sub>t</sub>),-0.0
2033.0,5-year shock (20 quarters),Consumption (C<sub>t</sub>),-0.0
2033.25,5-year shock (20 quarters),Consumption (C<sub>t</sub>),-0.0
2033.5,5-year shock (20 quarters),Consumption (C<sub>t</sub>),-0.0
2033.75,5-year shock (20 quarters),Consumption (C<sub>t</sub>),-0.0
2034.0,5-year shock (20 quarters),Consumption (C<sub>t</sub>),-0.0
2034.25,5-year shock (20 quarters),Consumption (C<sub>t</sub>),-0.0
2034.5,5-year shock (20 quarters),Consumption (C<sub>t</sub>),-0.0
2034.75,5-year shock (20 quarters),Consumption (C<sub>t</sub>),-0.0
2035.0,5-year shock (20 quarters),Consumption (C<sub>t</sub>),-0.0
2035.25,5-year shock (20 quarters),Consumption (C<sub>t</sub>),-0.0
2035.5,5-year shock (20 quarters),Consumption (C<sub>t</sub>),-0.0
2035.75,5-year shock (20 quarters),Consumption (C<sub>t</sub>),-0.0
2036.0,5-year shock (20 quarters),Consumption (C<sub>t</sub>),-0.0
2036.25,5-year shock (20 quarters),Consumption (C<sub>t</sub>),-0.0
2036.5,5-year shock (20 quarters),Consumption (C<sub>t</sub>),-0.0
2036.75,5-year shock (20 quarters),Consumption (C<sub>t</sub>),-0.0
2037.0,5-year shock (20 quarters),Consumption (C<sub>t</sub>),-0.0
2025.0,Permanent shock,Consumption (C<sub>t</sub>),0.0
2025.25,Permanent shock,Consumption (C<sub>t</sub>),-0.939
2025.5,Permanent shock,Consumption (C<sub>t</sub>),-0.793
2025.75,Permanent shock,Consumption (C<sub>t</sub>),-0.722
2026.0,Permanent shock,Consumption (C<sub>t</sub>),-0.688
2026.25,Permanent shock,Consumption (C<sub>t</sub>),-0.671
2026.5,Permanent shock,Consumption (C<sub>t</sub>),-0.664
2026.75,Permanent shock,Consumption (C<sub>t</sub>),-0.66
2027.0,Permanent shock,Consumption (C<sub>t</sub>),-0.658
2027.25,Permanent shock,Consumption (C<sub>t</sub>),-0.658
2027.5,Permanent shock,Consumption (C<sub>t</sub>),-0.657
2027.75,Permanent shock,Consumption (C<sub>t</sub>),-0.657
2028.0,Permanent shock,Consumption (C<sub>t</sub>),-0.657
2028.25,Permanent shock,Consumption (C<sub>t</sub>),-0.657
2028.5,Permanent shock,Consumption (C<sub>t</sub>),-0.657
2028.75,Permanent shock,Consumption (C<sub>t</sub>),-0.657
2029.0,Permanent shock,Consumption (C<sub>t</sub>),-0.657
2029.25,Permanent shock,Consumption (C<sub>t</sub>),-0.658
2029.5,Permanent shock,Consumption (C<sub>t</sub>),-0.658
2029.75,Permanent shock,Consumption (C<sub>t</sub>),-0.658
2030.0,Permanent shock,Consumption (C<sub>t</sub>),-0.658
2030.25,Permanent shock,Consumption (C<sub>t</sub>),-0.658
2030.5,Permanent shock,Consumption (C<sub>t</sub>),-0.658
2030.75,Permanent shock,Consumption (C<sub>t</sub>),-0.658
2031.0,Permanent shock,Consumption (C<sub>t</sub>),-0.658
2031.25,Permanent shock,Consumption (C<sub>t</sub>),-0.658
2031.5,Permanent shock,Consumption (C<sub>t</sub>),-0.658
2031.75,Permanent shock,Consumption (C<sub>t</sub>),-0.658
2032.0,Permanent shock,Consumption (C<sub>t</sub>),-0.658
2032.25,Permanent shock,Consumption (C<sub>t</sub>),-0.658
2032.5,Permanent shock,Consumption (C<sub>t</sub>),-0.658
2032.75,Permanent shock,Consumption (C<sub>t</sub>),-0.658
2033.0,Permanent shock,Consumption (C<sub>t</sub>),-0.658
2033.25,Permanent shock,Consumption (C<sub>t</sub>),-0.658
2033.5,Permanent shock,Consumption (C<sub>t</sub>),-0.658
2033.75,Permanent shock,Consumption (C<sub>t</sub>),-0.658
2034.0,Permanent shock,Consumption (C<sub>t</sub>),-0.658
2034.25,Permanent shock,Consumption (C<sub>t</sub>),-0.658
2034.5,Permanent shock,Consumption (C<sub>t</sub>),-0.658
2034.75,Permanent shock,Consumption (C<sub>t</sub>),-0.658
2035.0,Permanent shock,Consumption (C<sub>t</sub>),-0.658
2035.25,Permanent shock,Consumption (C<sub>t</sub>),-0.658
2035.5,Permanent shock,Consumption (C<sub>t</sub>),-0.658
2035.75,Permanent shock,Consumption (C<sub>t</sub>),-0.658
2036.0,Permanent shock,Consumption (C<sub>t</sub>),-0.658
2036.25,Permanent shock,Consumption (C<sub>t</sub>),-0.658
2036.5,Permanent shock,Consumption (C<sub>t</sub>),-0.658
2036.75,Permanent shock,Consumption (C<sub>t</sub>),-0.658
2037.0,Permanent shock,Consumption (C<sub>t</sub>),-0.658
2025.0,1-year shock (4 quarters),Government consumption (G<sup>c</sup><sub>t</sub>),0.0
2025.25,1-year shock (4 quarters),Government consumption (G<sup>c</sup><sub>t</sub>),5.556
2025.5,1-year shock (4 quarters),Government consumption (G<sup>c</sup><sub>t</sub>),5.556
2025.75,1-year shock (4 quarters),Government consumption (G<sup>c</sup><sub>t</sub>),5.556
2026.0,1-year shock (4 quarters),Government consumption (G<sup>c</sup><sub>t</sub>),5.556
2026.25,1-year shock (4 quarters),Government consumption (G<sup>c</sup><sub>t</sub>),0.0
2026.5,1-year shock (4 quarters),Government consumption (G<sup>c</sup><sub>t</sub>),0.0
2026.75,1-year shock (4 quarters),Government consumption (G<sup>c</sup><sub>t</sub>),0.0
2027.0,1-year shock (4 quarters),Government consumption (G<sup>c</sup><sub>t</sub>),0.0
2027.25,1-year shock (4 quarters),Government consumption (G<sup>c</sup><sub>t</sub>),0.0
2027.5,1-year shock (4 quarters),Government consumption (G<sup>c</sup><sub>t</sub>),0.0
2027.75,1-year shock (4 quarters),Government consumption (G<sup>c</sup><sub>t</sub>),0.0
2028.0,1-year shock (4 quarters),Government consumption (G<sup>c</sup><sub>t</sub>),0.0
2028.25,1-year shock (4 quarters),Government consumption (G<sup>c</sup><sub>t</sub>),0.0
2028.5,1-year shock (4 quarters),Government consumption (G<sup>c</sup><sub>t</sub>),0.0
2028.75,1-year shock (4 quarters),Government consumption (G<sup>c</sup><sub>t</sub>),0.0
2029.0,1-year shock (4 quarters),Government consumption (G<sup>c</sup><sub>t</sub>),0.0
2029.25,1-year shock (4 quarters),Government consumption (G<sup>c</sup><sub>t</sub>),0.0
2029.5,1-year shock (4 quarters),Government consumption (G<sup>c</sup><sub>t</sub>),0.0
2029.75,1-year shock (4 quarters),Government consumption (G<sup>c</sup><sub>t</sub>),0.0
2030.0,1-year shock (4 quarters),Government consumption (G<sup>c</sup><sub>t</sub>),0.0
2030.25,1-year shock (4 quarters),Government consumption (G<sup>c</sup><sub>t</sub>),0.0
2030.5,1-year shock (4 quarters),Government consumption (G<sup>c</sup><sub>t</sub>),0.0
2030.75,1-year shock (4 quarters),Government consumption (G<sup>c</sup><sub>t</sub>),0.0
2031.0,1-year shock (4 quarters),Government consumption (G<sup>c</sup><sub>t</sub>),0.0
2031.25,1-year shock (4 quarters),Government consumption (G<sup>c</sup><sub>t</sub>),0.0
2031.5,1-year shock (4 quarters),Government consumption (G<sup>c</sup><sub>t</sub>),0.0
2031.75,1-year shock (4 quarters),Government consumption (G<sup>c</sup><sub>t</sub>),0.0
2032.0,1-year shock (4 quarters),Government consumption (G<sup>c</sup><sub>t</sub>),0.0
2032.25,1-year shock (4 quarters),Government consumption (G<sup>c</sup><sub>t</sub>),0.0
2032.5,1-year shock (4 quarters),Government consumption (G<sup>c</sup><sub>t</sub>),0.0
2032.75,1-year shock (4 quarters),Government consumption (G<sup>c</sup><sub>t</sub>),0.0
2033.0,1-year shock (4 quarters),Government consumption (G<sup>c</sup><sub>t</sub>),0.0
2033.25,1-year shock (4 quarters),Government consumption (G<sup>c</sup><sub>t</sub>),0.0
2033.5,1-year shock (4 quarters),Government consumption (G<sup>c</sup><sub>t</sub>),0.0
2033.75,1-year shock (4 quarters),Government consumption (G<sup>c</sup><sub>t</sub>),0.0
2034.0,1-year shock (4 quarters),Government consumption (G<sup>c</sup><sub>t</sub>),0.0
2034.25,1-year shock (4 quarters),Government consumption (G<sup>c</sup><sub>t</sub>),0.0
2034.5,1-year shock (4 quarters),Government consumption (G<sup>c</sup><sub>t</sub>),0.0
2034.75,1-year shock (4 quarters),Government consumption (G<sup>c</sup><sub>t</sub>),0.0
2035.0,1-year shock (4 quarters),Government consumption (G<sup>c</sup><sub>t</sub>),0.0
2035.25,1-year shock (4 quarters),Government consumption (G<sup>c</sup><sub>t</sub>),0.0
2035.5,1-year shock (4 quarters),Government consumption (G<sup>c</sup><sub>t</sub>),0.0
2035.75,1-year shock (4 quarters),Government consumption (G<sup>c</sup><sub>t</sub>),0.0
2036.0,1-year shock (4 quarters),Government consumption (G<sup>c</sup><sub>t</sub>),0.0
2036.25,1-year shock (4 quarters),Government consumption (G<sup>c</sup><sub>t</sub>),0.0
2036.5,1-year shock (4 quarters),Government consumption (G<sup>c</sup><sub>t</sub>),0.0
2036.75,1-year shock (4 quarters),Government consumption (G<sup>c</sup><sub>t</sub>),0.0
2037.0,1-year shock (4 quarters),Government consumption (G<sup>c</sup><sub>t</sub>),0.0
2025.0,5-year shock (20 quarters),Government consumption (G<sup>c</sup><sub>t</sub>),0.0
2025.25,5-year shock (20 quarters),Government consumption (G<sup>c</sup><sub>t</sub>),5.556
2025.5,5-year shock (20 quarters),Government consumption (G<sup>c</sup><sub>t</sub>),5.556
2025.75,5-year shock (20 quarters),Government consumption (G<sup>c</sup><sub>t</sub>),5.556
2026.0,5-year shock (20 quarters),Government consumption (G<sup>c</sup><sub>t</sub>),5.556
2026.25,5-year shock (20 quarters),Government consumption (G<sup>c</sup><sub>t</sub>),5.556
2026.5,5-year shock (20 quarters),Government consumption (G<sup>c</sup><sub>t</sub>),5.556
2026.75,5-year shock (20 quarters),Government consumption (G<sup>c</sup><sub>t</sub>),5.556
2027.0,5-year shock (20 quarters),Government consumption (G<sup>c</sup><sub>t</sub>),5.556
2027.25,5-year shock (20 quarters),Government consumption (G<sup>c</sup><sub>t</sub>),5.556
2027.5,5-year shock (20 quarters),Government consumption (G<sup>c</sup><sub>t</sub>),5.556
2027.75,5-year shock (20 quarters),Government consumption (G<sup>c</sup><sub>t</sub>),5.556
2028.0,5-year shock (20 quarters),Government consumption (G<sup>c</sup><sub>t</sub>),5.556
2028.25,5-year shock (20 quarters),Government consumption (G<sup>c</sup><sub>t</sub>),5.556
2028.5,5-year shock (20 quarters),Government consumption (G<sup>c</sup><sub>t</sub>),5.556
2028.75,5-year shock (20 quarters),Government consumption (G<sup>c</sup><sub>t</sub>),5.556
2029.0,5-year shock (20 quarters),Government consumption (G<sup>c</sup><sub>t</sub>),5.556
2029.25,5-year shock (20 quarters),Government consumption (G<sup>c</sup><sub>t</sub>),5.556
2029.5,5-year shock (20 quarters),Government consumption (G<sup>c</sup><sub>t</sub>),5.556
2029.75,5-year shock (20 quarters),Government consumption (G<sup>c</sup><sub>t</sub>),5.556
2030.0,5-year shock (20 quarters),Government consumption (G<sup>c</sup><sub>t</sub>),5.556
2030.25,5-year shock (20 quarters),Government consumption (G<sup>c</sup><sub>t</sub>),0.0
2030.5,5-year shock (20 quarters),Government consumption (G<sup>c</sup><sub>t</sub>),0.0
2030.75,5-year shock (20 quarters),Government consumption (G<sup>c</sup><sub>t</sub>),0.0
2031.0,5-year shock (20 quarters),Government consumption (G<sup>c</sup><sub>t</sub>),0.0
2031.25,5-year shock (20 quarters),Government consumption (G<sup>c</sup><sub>t</sub>),0.0
2031.5,5-year shock (20 quarters),Government consumption (G<sup>c</sup><sub>t</sub>),0.0
2031.75,5-year shock (20 quarters),Government consumption (G<sup>c</sup><sub>t</sub>),0.0
2032.0,5-year shock (20 quarters),Government consumption (G<sup>c</sup><sub>t</sub>),0.0
2032.25,5-year shock (20 quarters),Government consumption (G<sup>c</sup><sub>t</sub>),0.0
2032.5,5-year shock (20 quarters),Government consumption (G<sup>c</sup><sub>t</sub>),0.0
2032.75,5-year shock (20 quarters),Government consumption (G<sup>c</sup><sub>t</sub>),0.0
2033.0,5-year shock (20 quarters),Government consumption (G<sup>c</sup><sub>t</sub>),0.0
2033.25,5-year shock (20 quarters),Government consumption (G<sup>c</sup><sub>t</sub>),0.0
2033.5,5-year shock (20 quarters),Government consumption (G<sup>c</sup><sub>t</sub>),0.0
2033.75,5-year shock (20 quarters),Government consumption (G<sup>c</sup><sub>t</sub>),0.0
2034.0,5-year shock (20 quarters),Government consumption (G<sup>c</sup><sub>t</sub>),0.0
2034.25,5-year shock (20 quarters),Government consumption (G<sup>c</sup><sub>t</sub>),0.0
2034.5,5-year shock (20 quarters),Government consumption (G<sup>c</sup><sub>t</sub>),0.0
2034.75,5-year shock (20 quarters),Government consumption (G<sup>c</sup><sub>t</sub>),0.0
2035.0,5-year shock (20 quarters),Government consumption (G<sup>c</sup><sub>t</sub>),0.0
2035.25,5-year shock (20 quarters),Government consumption (G<sup>c</sup><sub>t</sub>),0.0
2035.5,5-year shock (20 quarters),Government consumption (G<sup>c</sup><sub>t</sub>),0.0
2035.75,5-year shock (20 quarters),Government consumption (G<sup>c</sup><sub>t</sub>),0.0
2036.0,5-year shock (20 quarters),Government consumption (G<sup>c</sup><sub>t</sub>),0.0
2036.25,5-year shock (20 quarters),Government consumption (G<sup>c</sup><sub>t</sub>),0.0
2036.5,5-year shock (20 quarters),Government consumption (G<sup>c</sup><sub>t</sub>),0.0
2036.75,5-year shock (20 quarters),Government consumption (G<sup>c</sup><sub>t</sub>),0.0
2037.0,5-year shock (20 quarters),Government consumption (G<sup>c</sup><sub>t</sub>),0.0
2025.0,Permanent shock,Government consumption (G<sup>c</sup><sub>t</sub>),0.0
2025.25,Permanent shock,Government consumption (G<sup>c</sup><sub>t</sub>),5.556
2025.5,Permanent shock,Government consumption (G<sup>c</sup><sub>t</sub>),5.556
2025.75,Permanent shock,Government consumption (G<sup>c</sup><sub>t</sub>),5.556
2026.0,Permanent shock,Government consumption (G<sup>c</sup><sub>t</sub>),5.556
2026.25,Permanent shock,Government consumption (G<sup>c</sup><sub>t</sub>),5.556
2026.5,Permanent shock,Government consumption (G<sup>c</sup><sub>t</sub>),5.556
2026.75,Permanent shock,Government consumption (G<sup>c</sup><sub>t</sub>),5.556
2027.0,Permanent shock,Government consumption (G<sup>c</sup><sub>t</sub>),5.556
2027.25,Permanent shock,Government consumption (G<sup>c</sup><sub>t</sub>),5.556
2027.5,Permanent shock,Government consumption (G<sup>c</sup><sub>t</sub>),5.556
2027.75,Permanent shock,Government consumption (G<sup>c</sup><sub>t</sub>),5.556
2028.0,Permanent shock,Government consumption (G<sup>c</sup><sub>t</sub>),5.556
2028.25,Permanent shock,Government consumption (G<sup>c</sup><sub>t</sub>),5.556
2028.5,Permanent shock,Government consumption (G<sup>c</sup><sub>t</sub>),5.556
2028.75,Permanent shock,Government consumption (G<sup>c</sup><sub>t</sub>),5.556
2029.0,Permanent shock,Government consumption (G<sup>c</sup><sub>t</sub>),5.556
2029.25,Permanent shock,Government consumption (G<sup>c</sup><sub>t</sub>),5.556
2029.5,Permanent shock,Government consumption (G<sup>c</sup><sub>t</sub>),5.556
2029.75,Permanent shock,Government consumption (G<sup>c</sup><sub>t</sub>),5.556
2030.0,Permanent shock,Government consumption (G<sup>c</sup><sub>t</sub>),5.556
2030.25,Permanent shock,Government consumption (G<sup>c</sup><sub>t</sub>),5.556
2030.5,Permanent shock,Government consumption (G<sup>c</sup><sub>t</sub>),5.556
2030.75,Permanent shock,Government consumption (G<sup>c</sup><sub>t</sub>),5.556
2031.0,Permanent shock,Government consumption (G<sup>c</sup><sub>t</sub>),5.556
2031.25,Permanent shock,Government consumption (G<sup>c</sup><sub>t</sub>),5.556
2031.5,Permanent shock,Government consumption (G<sup>c</sup><sub>t</sub>),5.556
2031.75,Permanent shock,Government consumption (G<sup>c</sup><sub>t</sub>),5.556
2032.0,Permanent shock,Government consumption (G<sup>c</sup><sub>t</sub>),5.556
2032.25,Permanent shock,Government consumption (G<sup>c</sup><sub>t</sub>),5.556
2032.5,Permanent shock,Government consumption (G<sup>c</sup><sub>t</sub>),5.556
2032.75,Permanent shock,Government consumption (G<sup>c</sup><sub>t</sub>),5.556
2033.0,Permanent shock,Government consumption (G<sup>c</sup><sub>t</sub>),5.556
2033.25,Permanent shock,Government consumption (G<sup>c</sup><sub>t</sub>),5.556
2033.5,Permanent shock,Government consumption (G<sup>c</sup><sub>t</sub>),5.556
2033.75,Permanent shock,Government consumption (G<sup>c</sup><sub>t</sub>),5.556
2034.0,Permanent shock,Government consumption (G<sup>c</sup><sub>t</sub>),5.556
2034.25,Permanent shock,Government consumption (G<sup>c</sup><sub>t</sub>),5.556
2034.5,Permanent shock,Government consumption (G<sup>c</sup><sub>t</sub>),5.556
2034.75,Permanent shock,Government consumption (G<sup>c</sup><sub>t</sub>),5.556
2035.0,Permanent shock,Government consumption (G<sup>c</sup><sub>t</sub>),5.556
2035.25,Permanent shock,Government consumption (G<sup>c</sup><sub>t</sub>),5.556
2035.5,Permanent shock,Government consumption (G<sup>c</sup><sub>t</sub>),5.556
2035.75,Permanent shock,Government consumption (G<sup>c</sup><sub>t</sub>),5.556
2036.0,Permanent shock,Government consumption (G<sup>c</sup><sub>t</sub>),5.556
2036.25,Permanent shock,Government consumption (G<sup>c</sup><sub>t</sub>),5.556
2036.5,Permanent shock,Government consumption (G<sup>c</sup><sub>t</sub>),5.556
2036.75,Permanent shock,Government consumption (G<sup>c</sup><sub>t</sub>),5.556
2037.0,Permanent shock,Government consumption (G<sup>c</sup><sub>t</sub>),5.556
2025.0,1-year shock (4 quarters),Effective labor (N<sub>t</sub>),0.0
2025.25,1-year shock (4 quarters),Effective labor (N<sub>t</sub>),0.544
2025.5,1-year shock (4 quarters),Effective labor (N<sub>t</sub>),0.571
2025.75,1-year shock (4 quarters),Effective labor (N<sub>t</sub>),0.633
2026.0,1-year shock (4 quarters),Effective labor (N<sub>t</sub>),0.729
2026.25,1-year shock (4 quarters),Effective labor (N<sub>t</sub>),-0.137
2026.5,1-year shock (4 quarters),Effective labor (N<sub>t</sub>),-0.069
2026.75,1-year shock (4 quarters),Effective labor (N<sub>t</sub>),-0.035
2027.0,1-year shock (4 quarters),Effective labor (N<sub>t</sub>),-0.017
2027.25,1-year shock (4 quarters),Effective labor (N<sub>t</sub>),-0.009
2027.5,1-year shock (4 quarters),Effective labor (N<sub>t</sub>),-0.004
2027.75,1-year shock (4 quarters),Effective labor (N<sub>t</sub>),-0.002
2028.0,1-year shock (4 quarters),Effective labor (N<sub>t</sub>),-0.001
2028.25,1-year shock (4 quarters),Effective labor (N<sub>t</sub>),-0.001
2028.5,1-year shock (4 quarters),Effective labor (N<sub>t</sub>),-0.0
2028.75,1-year shock (4 quarters),Effective labor (N<sub>t</sub>),-0.0
2029.0,1-year shock (4 quarters),Effective labor (N<sub>t</sub>),-0.0
2029.25,1-year shock (4 quarters),Effective labor (N<sub>t</sub>),-0.0
2029.5,1-year shock (4 quarters),Effective labor (N<sub>t</sub>),-0.0
2029.75,1-year shock (4 quarters),Effective labor (N<sub>t</sub>),0.0
2030.0,1-year shock (4 quarters),Effective labor (N<sub>t</sub>),0.0
2030.25,1-year shock (4 quarters),Effective labor (N<sub>t</sub>),0.0
2030.5,1-year shock (4 quarters),Effective labor (N<sub>t</sub>),0.0
2030.75,1-year shock (4 quarters),Effective labor (N<sub>t</sub>),0.0
2031.0,1-year shock (4 quarters),Effective labor (N<sub>t</sub>),0.0
2031.25,1-year shock (4 quarters),Effective labor (N<sub>t</sub>),0.0
2031.5,1-year shock (4 quarters),Effective labor (N<sub>t</sub>),0.0
2031.75,1-year shock (4 quarters),Effective labor (N<sub>t</sub>),0.0
2032.0,1-year shock (4 quarters),Effective labor (N<sub>t</sub>),0.0
2032.25,1-year shock (4 quarters),Effective labor (N<sub>t</sub>),0.0
2032.5,1-year shock (4 quarters),Effective labor (N<sub>t</sub>),0.0
2032.75,1-year shock (4 quarters),Effective labor (N<sub>t</sub>),0.0
2033.0,1-year shock (4 quarters),Effective labor (N<sub>t</sub>),0.0
2033.25,1-year shock (4 quarters),Effective labor (N<sub>t</sub>),0.0
2033.5,1-year shock (4 quarters),Effective labor (N<sub>t</sub>),0.0
2033.75,1-year shock (4 quarters),Effective labor (N<sub>t</sub>),0.0
2034.0,1-year shock (4 quarters),Effective labor (N<sub>t</sub>),0.0
2034.25,1-year shock (4 quarters),Effective labor (N<sub>t</sub>),0.0
2034.5,1-year shock (4 quarters),Effective labor (N<sub>t</sub>),0.0
2034.75,1-year shock (4 quarters),Effective labor (N<sub>t</sub>),0.0
2035.0,1-year shock (4 quarters),Effective labor (N<sub>t</sub>),0.0
2035.25,1-year shock (4 quarters),Effective labor (N<sub>t</sub>),0.0
2035.5,1-year shock (4 quarters),Effective labor (N<sub>t</sub>),0.0
2035.75,1-year shock (4 quarters),Effective labor (N<sub>t</sub>),0.0
2036.0,1-year shock (4 quarters),Effective labor (N<sub>t</sub>),0.0
2036.25,1-year shock (4 quarters),Effective labor (N<sub>t</sub>),0.0
2036.5,1-year shock (4 quarters),Effective labor (N<sub>t</sub>),0.0
2036.75,1-year shock (4 quarters),Effective labor (N<sub>t</sub>),0.0
2037.0,1-year shock (4 quarters),Effective labor (N<sub>t</sub>),0.0
2025.0,5-year shock (20 quarters),Effective labor (N<sub>t</sub>),0.0
2025.25,5-year shock (20 quarters),Effective labor (N<sub>t</sub>),0.251
2025.5,5-year shock (20 quarters),Effective labor (N<sub>t</sub>),0.348
2025.75,5-year shock (20 quarters),Effective labor (N<sub>t</sub>),0.393
2026.0,5-year shock (20 quarters),Effective labor (N<sub>t</sub>),0.412
2026.25,5-year shock (20 quarters),Effective labor (N<sub>t</sub>),0.417
2026.5,5-year shock (20 quarters),Effective labor (N<sub>t</sub>),0.416
2026.75,5-year shock (20 quarters),Effective labor (N<sub>t</sub>),0.411
2027.0,5-year shock (20 quarters),Effective labor (N<sub>t</sub>),0.405
2027.25,5-year shock (20 quarters),Effective labor (N<sub>t</sub>),0.399
2027.5,5-year shock (20 quarters),Effective labor (N<sub>t</sub>),0.394
2027.75,5-year shock (20 quarters),Effective labor (N<sub>t</sub>),0.39
2028.0,5-year shock (20 quarters),Effective labor (N<sub>t</sub>),0.39
2028.25,5-year shock (20 quarters),Effective labor (N<sub>t</sub>),0.393
2028.5,5-year shock (20 quarters),Effective labor (N<sub>t</sub>),0.403
2028.75,5-year shock (20 quarters),Effective labor (N<sub>t</sub>),0.42
2029.0,5-year shock (20 quarters),Effective labor (N<sub>t</sub>),0.446
2029.25,5-year shock (20 quarters),Effective labor (N<sub>t</sub>),0.486
2029.5,5-year shock (20 quarters),Effective labor (N<sub>t</sub>),0.542
2029.75,5-year shock (20 quarters),Effective labor (N<sub>t</sub>),0.619
2030.0,5-year shock (20 quarters),Effective labor (N<sub>t</sub>),0.722
2030.25,5-year shock (20 quarters),Effective labor (N<sub>t</sub>),-0.14
2030.5,5-year shock (20 quarters),Effective labor (N<sub>t</sub>),-0.07
2030.75,5-year shock (20 quarters),Effective labor (N<sub>t</sub>),-0.035
2031.0,5-year shock (20 quarters),Effective labor (N<sub>t</sub>),-0.017
2031.25,5-year shock (20 quarters),Effective labor (N<sub>t</sub>),-0.009
2031.5,5-year shock (20 quarters),Effective labor (N<sub>t</sub>),-0.004
2031.75,5-year shock (20 quarters),Effective labor (N<sub>t</sub>),-0.002
2032.0,5-year shock (20 quarters),Effective labor (N<sub>t</sub>),-0.001
2032.25,5-year shock (20 quarters),Effective labor (N<sub>t</sub>),-0.0
2032.5,5-year shock (20 quarters),Effective labor (N<sub>t</sub>),-0.0
2032.75,5-year shock (20 quarters),Effective labor (N<sub>t</sub>),-0.0
2033.0,5-year shock (20 quarters),Effective labor (N<sub>t</sub>),0.0
2033.25,5-year shock (20 quarters),Effective labor (N<sub>t</sub>),0.0
2033.5,5-year shock (20 quarters),Effective labor (N<sub>t</sub>),0.0
2033.75,5-year shock (20 quarters),Effective labor (N<sub>t</sub>),0.0
2034.0,5-year shock (20 quarters),Effective labor (N<sub>t</sub>),0.0
2034.25,5-year shock (20 quarters),Effective labor (N<sub>t</sub>),0.0
2034.5,5-year shock (20 quarters),Effective labor (N<sub>t</sub>),0.0
2034.75,5-year shock (20 quarters),Effective labor (N<sub>t</sub>),0.0
2035.0,5-year shock (20 quarters),Effective labor (N<sub>t</sub>),0.0
2035.25,5-year shock (20 quarters),Effective labor (N<sub>t</sub>),0.0
2035.5,5-year shock (20 quarters),Effective labor (N<sub>t</sub>),0.0
2035.75,5-year shock (20 quarters),Effective labor (N<sub>t</sub>),0.0
2036.0,5-year shock (20 quarters),Effective labor (N<sub>t</sub>),0.0
2036.25,5-year shock (20 quarters),Effective labor (N<sub>t</sub>),0.0
2036.5,5-year shock (20 quarters),Effective labor (N<sub>t</sub>),0.0
2036.75,5-year shock (20 quarters),Effective labor (N<sub>t</sub>),0.0
2037.0,5-year shock (20 quarters),Effective labor (N<sub>t</sub>),0.0
2025.0,Permanent shock,Effective labor (N<sub>t</sub>),0.0
2025.25,Permanent shock,Effective labor (N<sub>t</sub>),0.248
2025.5,Permanent shock,Effective labor (N<sub>t</sub>),0.377
2025.75,Permanent shock,Effective labor (N<sub>t</sub>),0.441
2026.0,Permanent shock,Effective labor (N<sub>t</sub>),0.473
2026.25,Permanent shock,Effective labor (N<sub>t</sub>),0.489
2026.5,Permanent shock,Effective labor (N<sub>t</sub>),0.497
2026.75,Permanent shock,Effective labor (N<sub>t</sub>),0.501
2027.0,Permanent shock,Effective labor (N<sub>t</sub>),0.504
2027.25,Permanent shock,Effective labor (N<sub>t</sub>),0.505
2027.5,Permanent shock,Effective labor (N<sub>t</sub>),0.506
2027.75,Permanent shock,Effective labor (N<sub>t</sub>),0.506
2028.0,Permanent shock,Effective labor (N<sub>t</sub>),0.507
2028.25,Permanent shock,Effective labor (N<sub>t</sub>),0.507
2028.5,Permanent shock,Effective labor (N<sub>t</sub>),0.507
2028.75,Permanent shock,Effective labor (N<sub>t</sub>),0.507
2029.0,Permanent shock,Effective labor (N<sub>t</sub>),0.507
2029.25,Permanent shock,Effective labor (N<sub>t</sub>),0.507
2029.5,Permanent shock,Effective labor (N<sub>t</sub>),0.507
2029.75,Permanent shock,Effective labor (N<sub>t</sub>),0.507
2030.0,Permanent shock,Effective labor (N<sub>t</sub>),0.507
2030.25,Permanent shock,Effective labor (N<sub>t</sub>),0.507
2030.5,Permanent shock,Effective labor (N<sub>t</sub>),0.507
2030.75,Permanent shock,Effective labor (N<sub>t</sub>),0.508
2031.0,Permanent shock,Effective labor (N<sub>t</sub>),0.508
2031.25,Permanent shock,Effective labor (N<sub>t</sub>),0.508
2031.5,Permanent shock,Effective labor (N<sub>t</sub>),0.508
2031.75,Permanent shock,Effective labor (N<sub>t</sub>),0.508
2032.0,Permanent shock,Effective labor (N<sub>t</sub>),0.508
2032.25,Permanent shock,Effective labor (N<sub>t</sub>),0.508
2032.5,Permanent shock,Effective labor (N<sub>t</sub>),0.508
2032.75,Permanent shock,Effective labor (N<sub>t</sub>),0.508
2033.0,Permanent shock,Effective labor (N<sub>t</sub>),0.508
2033.25,Permanent shock,Effective labor (N<sub>t</sub>),0.508
2033.5,Permanent shock,Effective labor (N<sub>t</sub>),0.508
2033.75,Permanent shock,Effective labor (N<sub>t</sub>),0.508
2034.0,Permanent shock,Effective labor (N<sub>t</sub>),0.508
2034.25,Permanent shock,Effective labor (N<sub>t</sub>),0.508
2034.5,Permanent shock,Effective labor (N<sub>t</sub>),0.508
2034.75,Permanent shock,Effective labor (N<sub>t</sub>),0.508
2035.0,Permanent shock,Effective labor (N<sub>t</sub>),0.508
2035.25,Permanent shock,Effective labor (N<sub>t</sub>),0.508
2035.5,Permanent shock,Effective labor (N<sub>t</sub>),0.508
2035.75,Permanent shock,Effective labor (N<sub>t</sub>),0.508
2036.0,Permanent shock,Effective labor (N<sub>t</sub>),0.508
2036.25,Permanent shock,Effective labor (N<sub>t</sub>),0.508
2036.5,Permanent shock,Effective labor (N<sub>t</sub>),0.508
2036.75,Permanent shock,Effective labor (N<sub>t</sub>),0.508
2037.0,Permanent shock,Effective labor (N<sub>t</sub>),0.508
2025.0,1-year shock (4 quarters),Real wage = marginal cost (W<sub>t</sub>),0.0
2025.25,1-year shock (4 quarters),Real wage = marginal cost (W<sub>t</sub>),0.092
2025.5,1-year shock (4 quarters),Real wage = marginal cost (W<sub>t</sub>),0.158
2025.75,1-year shock (4 quarters),Real wage = marginal cost (W<sub>t</sub>),0.309
2026.0,1-year shock (4 quarters),Real wage = marginal cost (W<sub>t</sub>),0.542
2026.25,1-year shock (4 quarters),Real wage = marginal cost (W<sub>t</sub>),-0.33
2026.5,1-year shock (4 quarters),Real wage = marginal cost (W<sub>t</sub>),-0.167
2026.75,1-year shock (4 quarters),Real wage = marginal cost (W<sub>t</sub>),-0.084
2027.0,1-year shock (4 quarters),Real wage = marginal cost (W<sub>t</sub>),-0.042
2027.25,1-year shock (4 quarters),Real wage = marginal cost (W<sub>t</sub>),-0.021
2027.5,1-year shock (4 quarters),Real wage = marginal cost (W<sub>t</sub>),-0.011
2027.75,1-year shock (4 quarters),Real wage = marginal cost (W<sub>t</sub>),-0.005
2028.0,1-year shock (4 quarters),Real wage = marginal cost (W<sub>t</sub>),-0.003
2028.25,1-year shock (4 quarters),Real wage = marginal cost (W<sub>t</sub>),-0.001
2028.5,1-year shock (4 quarters),Real wage = marginal cost (W<sub>t</sub>),-0.001
2028.75,1-year shock (4 quarters),Real wage = marginal cost (W<sub>t</sub>),-0.0
2029.0,1-year shock (4 quarters),Real wage = marginal cost (W<sub>t</sub>),-0.0
2029.25,1-year shock (4 quarters),Real wage = marginal cost (W<sub>t</sub>),-0.0
2029.5,1-year shock (4 quarters),Real wage = marginal cost (W<sub>t</sub>),-0.0
2029.75,1-year shock (4 quarters),Real wage = marginal cost (W<sub>t</sub>),-0.0
2030.0,1-year shock (4 quarters),Real wage = marginal cost (W<sub>t</sub>),-0.0
2030.25,1-year shock (4 quarters),Real wage = marginal cost (W<sub>t</sub>),-0.0
2030.5,1-year shock (4 quarters),Real wage = marginal cost (W<sub>t</sub>),0.0
2030.75,1-year shock (4 quarters),Real wage = marginal cost (W<sub>t</sub>),0.0
2031.0,1-year shock (4 quarters),Real wage = marginal cost (W<sub>t</sub>),0.0
2031.25,1-year shock (4 quarters),Real wage = marginal cost (W<sub>t</sub>),0.0
2031.5,1-year shock (4 quarters),Real wage = marginal cost (W<sub>t</sub>),0.0
2031.75,1-year shock (4 quarters),Real wage = marginal cost (W<sub>t</sub>),0.0
2032.0,1-year shock (4 quarters),Real wage = marginal cost (W<sub>t</sub>),0.0
2032.25,1-year shock (4 quarters),Real wage = marginal cost (W<sub>t</sub>),0.0
2032.5,1-year shock (4 quarters),Real wage = marginal cost (W<sub>t</sub>),0.0
2032.75,1-year shock (4 quarters),Real wage = marginal cost (W<sub>t</sub>),0.0
2033.0,1-year shock (4 quarters),Real wage = marginal cost (W<sub>t</sub>),0.0
2033.25,1-year shock (4 quarters),Real wage = marginal cost (W<sub>t</sub>),0.0
2033.5,1-year shock (4 quarters),Real wage = marginal cost (W<sub>t</sub>),0.0
2033.75,1-year shock (4 quarters),Real wage = marginal cost (W<sub>t</sub>),0.0
2034.0,1-year shock (4 quarters),Real wage = marginal cost (W<sub>t</sub>),0.0
2034.25,1-year shock (4 quarters),Real wage = marginal cost (W<sub>t</sub>),0.0
2034.5,1-year shock (4 quarters),Real wage = marginal cost (W<sub>t</sub>),0.0
2034.75,1-year shock (4 quarters),Real wage = marginal cost (W<sub>t</sub>),0.0
2035.0,1-year shock (4 quarters),Real wage = marginal cost (W<sub>t</sub>),0.0
2035.25,1-year shock (4 quarters),Real wage = marginal cost (W<sub>t</sub>),0.0
2035.5,1-year shock (4 quarters),Real wage = marginal cost (W<sub>t</sub>),0.0
2035.75,1-year shock (4 quarters),Real wage = marginal cost (W<sub>t</sub>),0.0
2036.0,1-year shock (4 quarters),Real wage = marginal cost (W<sub>t</sub>),0.0
2036.25,1-year shock (4 quarters),Real wage = marginal cost (W<sub>t</sub>),0.0
2036.5,1-year shock (4 quarters),Real wage = marginal cost (W<sub>t</sub>),0.0
2036.75,1-year shock (4 quarters),Real wage = marginal cost (W<sub>t</sub>),0.0
2037.0,1-year shock (4 quarters),Real wage = marginal cost (W<sub>t</sub>),0.0
2025.0,5-year shock (20 quarters),Real wage = marginal cost (W<sub>t</sub>),0.0
2025.25,5-year shock (20 quarters),Real wage = marginal cost (W<sub>t</sub>),-0.627
2025.5,5-year shock (20 quarters),Real wage = marginal cost (W<sub>t</sub>),-0.4
2025.75,5-year shock (20 quarters),Real wage = marginal cost (W<sub>t</sub>),-0.295
2026.0,5-year shock (20 quarters),Real wage = marginal cost (W<sub>t</sub>),-0.251
2026.25,5-year shock (20 quarters),Real wage = marginal cost (W<sub>t</sub>),-0.238
2026.5,5-year shock (20 quarters),Real wage = marginal cost (W<sub>t</sub>),-0.24
2026.75,5-year shock (20 quarters),Real wage = marginal cost (W<sub>t</sub>),-0.25
2027.0,5-year shock (20 quarters),Real wage = marginal cost (W<sub>t</sub>),-0.263
2027.25,5-year shock (20 quarters),Real wage = marginal cost (W<sub>t</sub>),-0.276
2027.5,5-year shock (20 quarters),Real wage = marginal cost (W<sub>t</sub>),-0.287
2027.75,5-year shock (20 quarters),Real wage = marginal cost (W<sub>t</sub>),-0.293
2028.0,5-year shock (20 quarters),Real wage = marginal cost (W<sub>t</sub>),-0.292
2028.25,5-year shock (20 quarters),Real wage = marginal cost (W<sub>t</sub>),-0.281
2028.5,5-year shock (20 quarters),Real wage = marginal cost (W<sub>t</sub>),-0.257
2028.75,5-year shock (20 quarters),Real wage = marginal cost (W<sub>t</sub>),-0.214
2029.0,5-year shock (20 quarters),Real wage = marginal cost (W<sub>t</sub>),-0.148
2029.25,5-year shock (20 quarters),Real wage = marginal cost (W<sub>t</sub>),-0.051
2029.5,5-year shock (20 quarters),Real wage = marginal cost (W<sub>t</sub>),0.085
2029.75,5-year shock (20 quarters),Real wage = marginal cost (W<sub>t</sub>),0.272
2030.0,5-year shock (20 quarters),Real wage = marginal cost (W<sub>t</sub>),0.524
2030.25,5-year shock (20 quarters),Real wage = marginal cost (W<sub>t</sub>),-0.339
2030.5,5-year shock (20 quarters),Real wage = marginal cost (W<sub>t</sub>),-0.171
2030.75,5-year shock (20 quarters),Real wage = marginal cost (W<sub>t</sub>),-0.086
2031.0,5-year shock (20 quarters),Real wage = marginal cost (W<sub>t</sub>),-0.043
2031.25,5-year shock (20 quarters),Real wage = marginal cost (W<sub>t</sub>),-0.022
2031.5,5-year shock (20 quarters),Real wage = marginal cost (W<sub>t</sub>),-0.011
2031.75,5-year shock (20 quarters),Real wage = marginal cost (W<sub>t</sub>),-0.005
2032.0,5-year shock (20 quarters),Real wage = marginal cost (W<sub>t</sub>),-0.003
2032.25,5-year shock (20 quarters),Real wage = marginal cost (W<sub>t</sub>),-0.001
2032.5,5-year shock (20 quarters),Real wage = marginal cost (W<sub>t</sub>),-0.001
2032.75,5-year shock (20 quarters),Real wage = marginal cost (W<sub>t</sub>),-0.0
2033.0,5-year shock (20 quarters),Real wage = marginal cost (W<sub>t</sub>),-0.0
2033.25,5-year shock (20 quarters),Real wage = marginal cost (W<sub>t</sub>),-0.0
2033.5,5-year shock (20 quarters),Real wage = marginal cost (W<sub>t</sub>),-0.0
2033.75,5-year shock (20 quarters),Real wage = marginal cost (W<sub>t</sub>),0.0
2034.0,5-year shock (20 quarters),Real wage = marginal cost (W<sub>t</sub>),0.0
2034.25,5-year shock (20 quarters),Real wage = marginal cost (W<sub>t</sub>),0.0
2034.5,5-year shock (20 quarters),Real wage = marginal cost (W<sub>t</sub>),0.0
2034.75,5-year shock (20 quarters),Real wage = marginal cost (W<sub>t</sub>),0.0
2035.0,5-year shock (20 quarters),Real wage = marginal cost (W<sub>t</sub>),0.0
2035.25,5-year shock (20 quarters),Real wage = marginal cost (W<sub>t</sub>),0.0
2035.5,5-year shock (20 quarters),Real wage = marginal cost (W<sub>t</sub>),0.0
2035.75,5-year shock (20 quarters),Real wage = marginal cost (W<sub>t</sub>),0.0
2036.0,5-year shock (20 quarters),Real wage = marginal cost (W<sub>t</sub>),0.0
2036.25,5-year shock (20 quarters),Real wage = marginal cost (W<sub>t</sub>),0.0
2036.5,5-year shock (20 quarters),Real wage = marginal cost (W<sub>t</sub>),0.0
2036.75,5-year shock (20 quarters),Real wage = marginal cost (W<sub>t</sub>),0.0
2037.0,5-year shock (20 quarters),Real wage = marginal cost (W<sub>t</sub>),0.0
2025.0,Permanent shock,Real wage = marginal cost (W<sub>t</sub>),0.0
2025.25,Permanent shock,Real wage = marginal cost (W<sub>t</sub>),-0.644
2025.5,Permanent shock,Real wage = marginal cost (W<sub>t</sub>),-0.345
2025.75,Permanent shock,Real wage = marginal cost (W<sub>t</sub>),-0.197
2026.0,Permanent shock,Real wage = marginal cost (W<sub>t</sub>),-0.125
2026.25,Permanent shock,Real wage = marginal cost (W<sub>t</sub>),-0.089
2026.5,Permanent shock,Real wage = marginal cost (W<sub>t</sub>),-0.071
2026.75,Permanent shock,Real wage = marginal cost (W<sub>t</sub>),-0.062
2027.0,Permanent shock,Real wage = marginal cost (W<sub>t</sub>),-0.057
2027.25,Permanent shock,Real wage = marginal cost (W<sub>t</sub>),-0.055
2027.5,Permanent shock,Real wage = marginal cost (W<sub>t</sub>),-0.054
2027.75,Permanent shock,Real wage = marginal cost (W<sub>t</sub>),-0.053
2028.0,Permanent shock,Real wage = marginal cost (W<sub>t</sub>),-0.053
2028.25,Permanent shock,Real wage = marginal cost (W<sub>t</sub>),-0.053
2028.5,Permanent shock,Real wage = marginal cost (W<sub>t</sub>),-0.053
2028.75,Permanent shock,Real wage = marginal cost (W<sub>t</sub>),-0.052
2029.0,Permanent shock,Real wage = marginal cost (W<sub>t</sub>),-0.052
2029.25,Permanent shock,Real wage = marginal cost (W<sub>t</sub>),-0.052
2029.5,Permanent shock,Real wage = marginal cost (W<sub>t</sub>),-0.052
2029.75,Permanent shock,Real wage = marginal cost (W<sub>t</sub>),-0.052
2030.0,Permanent shock,Real wage = marginal cost (W<sub>t</sub>),-0.052
2030.25,Permanent shock,Real wage = marginal cost (W<sub>t</sub>),-0.052
2030.5,Permanent shock,Real wage = marginal cost (W<sub>t</sub>),-0.052
2030.75,Permanent shock,Real wage = marginal cost (W<sub>t</sub>),-0.052
2031.0,Permanent shock,Real wage = marginal cost (W<sub>t</sub>),-0.052
2031.25,Permanent shock,Real wage = marginal cost (W<sub>t</sub>),-0.052
2031.5,Permanent shock,Real wage = marginal cost (W<sub>t</sub>),-0.052
2031.75,Permanent shock,Real wage = marginal cost (W<sub>t</sub>),-0.052
2032.0,Permanent shock,Real wage = marginal cost (W<sub>t</sub>),-0.052
2032.25,Permanent shock,Real wage = marginal cost (W<sub>t</sub>),-0.052
2032.5,Permanent shock,Real wage = marginal cost (W<sub>t</sub>),-0.052
2032.75,Permanent shock,Real wage = marginal cost (W<sub>t</sub>),-0.052
2033.0,Permanent shock,Real wage = marginal cost (W<sub>t</sub>),-0.052
2033.25,Permanent shock,Real wage = marginal cost (W<sub>t</sub>),-0.052
2033.5,Permanent shock,Real wage = marginal cost (W<sub>t</sub>),-0.052
2033.75,Permanent shock,Real wage = marginal cost (W<sub>t</sub>),-0.052
2034.0,Permanent shock,Real wage = marginal cost (W<sub>t</sub>),-0.052
2034.25,Permanent shock,Real wage = marginal cost (W<sub>t</sub>),-0.052
2034.5,Permanent shock,Real wage = marginal cost (W<sub>t</sub>),-0.052
2034.75,Permanent shock,Real wage = marginal cost (W<sub>t</sub>),-0.052
2035.0,Permanent shock,Real wage = marginal cost (W<sub>t</sub>),-0.052
2035.25,Permanent shock,Real wage = marginal cost (W<sub>t</sub>),-0.052
2035.5,Permanent shock,Real wage = marginal cost (W<sub>t</sub>),-0.052
2035.75,Permanent shock,Real wage = marginal cost (W<sub>t</sub>),-0.052
2036.0,Permanent shock,Real wage = marginal cost (W<sub>t</sub>),-0.052
2036.25,Permanent shock,Real wage = marginal cost (W<sub>t</sub>),-0.052
2036.5,Permanent shock,Real wage = marginal cost (W<sub>t</sub>),-0.052
2036.75,Permanent shock,Real wage = marginal cost (W<sub>t</sub>),-0.052
2037.0,Permanent shock,Real wage = marginal cost (W<sub>t</sub>),-0.052
2025.0,1-year shock (4 quarters),Inflation (Π<sub>t</sub>),0.0
2025.25,1-year shock (4 quarters),Inflation (Π<sub>t</sub>),0.089
2025.5,1-year shock (4 quarters),Inflation (Π<sub>t</sub>),0.071
2025.75,1-year shock (4 quarters),Inflation (Π<sub>t</sub>),0.039
2026.0,1-year shock (4 quarters),Inflation (Π<sub>t</sub>),-0.023
2026.25,1-year shock (4 quarters),Inflation (Π<sub>t</sub>),-0.135
2026.5,1-year shock (4 quarters),Inflation (Π<sub>t</sub>),-0.068
2026.75,1-year shock (4 quarters),Inflation (Π<sub>t</sub>),-0.034
2027.0,1-year shock (4 quarters),Inflation (Π<sub>t</sub>),-0.017
2027.25,1-year shock (4 quarters),Inflation (Π<sub>t</sub>),-0.009
2027.5,1-year shock (4 quarters),Inflation (Π<sub>t</sub>),-0.004
2027.75,1-year shock (4 quarters),Inflation (Π<sub>t</sub>),-0.002
2028.0,1-year shock (4 quarters),Inflation (Π<sub>t</sub>),-0.001
2028.25,1-year shock (4 quarters),Inflation (Π<sub>t</sub>),-0.001
2028.5,1-year shock (4 quarters),Inflation (Π<sub>t</sub>),-0.0
2028.75,1-year shock (4 quarters),Inflation (Π<sub>t</sub>),-0.0
2029.0,1-year shock (4 quarters),Inflation (Π<sub>t</sub>),-0.0
2029.25,1-year shock (4 quarters),Inflation (Π<sub>t</sub>),-0.0
2029.5,1-year shock (4 quarters),Inflation (Π<sub>t</sub>),-0.0
2029.75,1-year shock (4 quarters),Inflation (Π<sub>t</sub>),-0.0
2030.0,1-year shock (4 quarters),Inflation (Π<sub>t</sub>),0.0
2030.25,1-year shock (4 quarters),Inflation (Π<sub>t</sub>),0.0
2030.5,1-year shock (4 quarters),Inflation (Π<sub>t</sub>),0.0
2030.75,1-year shock (4 quarters),Inflation (Π<sub>t</sub>),0.0
2031.0,1-year shock (4 quarters),Inflation (Π<sub>t</sub>),0.0
2031.25,1-year shock (4 quarters),Inflation (Π<sub>t</sub>),0.0
2031.5,1-year shock (4 quarters),Inflation (Π<sub>t</sub>),0.0
2031.75,1-year shock (4 quarters),Inflation (Π<sub>t</sub>),0.0
2032.0,1-year shock (4 quarters),Inflation (Π<sub>t</sub>),0.0
2032.25,1-year shock (4 quarters),Inflation (Π<sub>t</sub>),0.0
2032.5,1-year shock (4 quarters),Inflation (Π<sub>t</sub>),0.0
2032.75,1-year shock (4 quarters),Inflation (Π<sub>t</sub>),0.0
2033.0,1-year shock (4 quarters),Inflation (Π<sub>t</sub>),0.0
2033.25,1-year shock (4 quarters),Inflation (Π<sub>t</sub>),0.0
2033.5,1-year shock (4 quarters),Inflation (Π<sub>t</sub>),0.0
2033.75,1-year shock (4 quarters),Inflation (Π<sub>t</sub>),0.0
2034.0,1-year shock (4 quarters),Inflation (Π<sub>t</sub>),0.0
2034.25,1-year shock (4 quarters),Inflation (Π<sub>t</sub>),0.0
2034.5,1-year shock (4 quarters),Inflation (Π<sub>t</sub>),0.0
2034.75,1-year shock (4 quarters),Inflation (Π<sub>t</sub>),0.0
2035.0,1-year shock (4 quarters),Inflation (Π<sub>t</sub>),0.0
2035.25,1-year shock (4 quarters),Inflation (Π<sub>t</sub>),0.0
2035.5,1-year shock (4 quarters),Inflation (Π<sub>t</sub>),0.0
2035.75,1-year shock (4 quarters),Inflation (Π<sub>t</sub>),0.0
2036.0,1-year shock (4 quarters),Inflation (Π<sub>t</sub>),0.0
2036.25,1-year shock (4 quarters),Inflation (Π<sub>t</sub>),0.0
2036.5,1-year shock (4 quarters),Inflation (Π<sub>t</sub>),0.0
2036.75,1-year shock (4 quarters),Inflation (Π<sub>t</sub>),0.0
2037.0,1-year shock (4 quarters),Inflation (Π<sub>t</sub>),0.0
2025.0,5-year shock (20 quarters),Inflation (Π<sub>t</sub>),0.0
2025.25,5-year shock (20 quarters),Inflation (Π<sub>t</sub>),-0.945
2025.5,5-year shock (20 quarters),Inflation (Π<sub>t</sub>),-0.804
2025.75,5-year shock (20 quarters),Inflation (Π<sub>t</sub>),-0.717
2026.0,5-year shock (20 quarters),Inflation (Π<sub>t</sub>),-0.653
2026.25,5-year shock (20 quarters),Inflation (Π<sub>t</sub>),-0.6
2026.5,5-year shock (20 quarters),Inflation (Π<sub>t</sub>),-0.55
2026.75,5-year shock (20 quarters),Inflation (Π<sub>t</sub>),-0.499
2027.0,5-year shock (20 quarters),Inflation (Π<sub>t</sub>),-0.446
2027.25,5-year shock (20 quarters),Inflation (Π<sub>t</sub>),-0.39
2027.5,5-year shock (20 quarters),Inflation (Π<sub>t</sub>),-0.332
2027.75,5-year shock (20 quarters),Inflation (Π<sub>t</sub>),-0.272
2028.0,5-year shock (20 quarters),Inflation (Π<sub>t</sub>),-0.211
2028.25,5-year shock (20 quarters),Inflation (Π<sub>t</sub>),-0.151
2028.5,5-year shock (20 quarters),Inflation (Π<sub>t</sub>),-0.094
2028.75,5-year shock (20 quarters),Inflation (Π<sub>t</sub>),-0.041
2029.0,5-year shock (20 quarters),Inflation (Π<sub>t</sub>),0.002
2029.25,5-year shock (20 quarters),Inflation (Π<sub>t</sub>),0.032
2029.5,5-year shock (20 quarters),Inflation (Π<sub>t</sub>),0.042
2029.75,5-year shock (20 quarters),Inflation (Π<sub>t</sub>),0.025
2030.0,5-year shock (20 quarters),Inflation (Π<sub>t</sub>),-0.03
2030.25,5-year shock (20 quarters),Inflation (Π<sub>t</sub>),-0.139
2030.5,5-year shock (20 quarters),Inflation (Π<sub>t</sub>),-0.069
2030.75,5-year shock (20 quarters),Inflation (Π<sub>t</sub>),-0.035
2031.0,5-year shock (20 quarters),Inflation (Π<sub>t</sub>),-0.017
2031.25,5-year shock (20 quarters),Inflation (Π<sub>t</sub>),-0.009
2031.5,5-year shock (20 quarters),Inflation (Π<sub>t</sub>),-0.004
2031.75,5-year shock (20 quarters),Inflation (Π<sub>t</sub>),-0.002
2032.0,5-year shock (20 quarters),Inflation (Π<sub>t</sub>),-0.001
2032.25,5-year shock (20 quarters),Inflation (Π<sub>t</sub>),-0.0
2032.5,5-year shock (20 quarters),Inflation (Π<sub>t</sub>),-0.0
2032.75,5-year shock (20 quarters),Inflation (Π<sub>t</sub>),-0.0
2033.0,5-year shock (20 quarters),Inflation (Π<sub>t</sub>),-0.0
2033.25,5-year shock (20 quarters),Inflation (Π<sub>t</sub>),0.0
2033.5,5-year shock (20 quarters),Inflation (Π<sub>t</sub>),0.0
2033.75,5-year shock (20 quarters),Inflation (Π<sub>t</sub>),0.0
2034.0,5-year shock (20 quarters),Inflation (Π<sub>t</sub>),0.0
2034.25,5-year shock (20 quarters),Inflation (Π<sub>t</sub>),0.0
2034.5,5-year shock (20 quarters),Inflation (Π<sub>t</sub>),0.0
2034.75,5-year shock (20 quarters),Inflation (Π<sub>t</sub>),0.0
2035.0,5-year shock (20 quarters),Inflation (Π<sub>t</sub>),0.0
2035.25,5-year shock (20 quarters),Inflation (Π<sub>t</sub>),0.0
2035.5,5-year shock (20 quarters),Inflation (Π<sub>t</sub>),0.0
2035.75,5-year shock (20 quarters),Inflation (Π<sub>t</sub>),0.0
2036.0,5-year shock (20 quarters),Inflation (Π<sub>t</sub>),0.0
2036.25,5-year shock (20 quarters),Inflation (Π<sub>t</sub>),0.0
2036.5,5-year shock (20 quarters),Inflation (Π<sub>t</sub>),0.0
2036.75,5-year shock (20 quarters),Inflation (Π<sub>t</sub>),0.0
2037.0,5-year shock (20 quarters),Inflation (Π<sub>t</sub>),0.0
2025.0,Permanent shock,Inflation (Π<sub>t</sub>),0.0
2025.25,Permanent shock,Inflation (Π<sub>t</sub>),-1.205
2025.5,Permanent shock,Inflation (Π<sub>t</sub>),-1.06
2025.75,Permanent shock,Inflation (Π<sub>t</sub>),-0.989
2026.0,Permanent shock,Inflation (Π<sub>t</sub>),-0.954
2026.25,Permanent shock,Inflation (Π<sub>t</sub>),-0.937
2026.5,Permanent shock,Inflation (Π<sub>t</sub>),-0.928
2026.75,Permanent shock,Inflation (Π<sub>t</sub>),-0.924
2027.0,Permanent shock,Inflation (Π<sub>t</sub>),-0.921
2027.25,Permanent shock,Inflation (Π<sub>t</sub>),-0.92
2027.5,Permanent shock,Inflation (Π<sub>t</sub>),-0.919
2027.75,Permanent shock,Inflation (Π<sub>t</sub>),-0.919
2028.0,Permanent shock,Inflation (Π<sub>t</sub>),-0.919
2028.25,Permanent shock,Inflation (Π<sub>t</sub>),-0.919
2028.5,Permanent shock,Inflation (Π<sub>t</sub>),-0.919
2028.75,Permanent shock,Inflation (Π<sub>t</sub>),-0.919
2029.0,Permanent shock,Inflation (Π<sub>t</sub>),-0.918
2029.25,Permanent shock,Inflation (Π<sub>t</sub>),-0.918
2029.5,Permanent shock,Inflation (Π<sub>t</sub>),-0.918
2029.75,Permanent shock,Inflation (Π<sub>t</sub>),-0.918
2030.0,Permanent shock,Inflation (Π<sub>t</sub>),-0.918
2030.25,Permanent shock,Inflation (Π<sub>t</sub>),-0.918
2030.5,Permanent shock,Inflation (Π<sub>t</sub>),-0.918
2030.75,Permanent shock,Inflation (Π<sub>t</sub>),-0.918
2031.0,Permanent shock,Inflation (Π<sub>t</sub>),-0.918
2031.25,Permanent shock,Inflation (Π<sub>t</sub>),-0.918
2031.5,Permanent shock,Inflation (Π<sub>t</sub>),-0.918
2031.75,Permanent shock,Inflation (Π<sub>t</sub>),-0.918
2032.0,Permanent shock,Inflation (Π<sub>t</sub>),-0.918
2032.25,Permanent shock,Inflation (Π<sub>t</sub>),-0.918
2032.5,Permanent shock,Inflation (Π<sub>t</sub>),-0.918
2032.75,Permanent shock,Inflation (Π<sub>t</sub>),-0.918
2033.0,Permanent shock,Inflation (Π<sub>t</sub>),-0.918
2033.25,Permanent shock,Inflation (Π<sub>t</sub>),-0.918
2033.5,Permanent shock,Inflation (Π<sub>t</sub>),-0.918
2033.75,Permanent shock,Inflation (Π<sub>t</sub>),-0.918
2034.0,Permanent shock,Inflation (Π<sub>t</sub>),-0.918
2034.25,Permanent shock,Inflation (Π<sub>t</sub>),-0.918
2034.5,Permanent shock,Inflation (Π<sub>t</sub>),-0.918
2034.75,Permanent shock,Inflation (Π<sub>t</sub>),-0.918
2035.0,Permanent shock,Inflation (Π<sub>t</sub>),-0.918
2035.25,Permanent shock,Inflation (Π<sub>t</sub>),-0.918
2035.5,Permanent shock,Inflation (Π<sub>t</sub>),-0.918
2035.75,Permanent shock,Inflation (Π<sub>t</sub>),-0.918
2036.0,Permanent shock,Inflation (Π<sub>t</sub>),-0.918
2036.25,Permanent shock,Inflation (Π<sub>t</sub>),-0.918
2036.5,Permanent shock,Inflation (Π<sub>t</sub>),-0.918
2036.75,Permanent shock,Inflation (Π<sub>t</sub>),-0.918
2037.0,Permanent shock,Inflation (Π<sub>t</sub>),-0.918
2025.0,1-year shock (4 quarters),Policy rate (R<sup>mp</sup><sub>t</sub>),0.0
2025.25,1-year shock (4 quarters),Policy rate (R<sup>mp</sup><sub>t</sub>),0.203
2025.5,1-year shock (4 quarters),Policy rate (R<sup>mp</sup><sub>t</sub>),0.345
2025.75,1-year shock (4 quarters),Policy rate (R<sup>mp</sup><sub>t</sub>),0.449
2026.0,1-year shock (4 quarters),Policy rate (R<sup>mp</sup><sub>t</sub>),0.522
2026.25,1-year shock (4 quarters),Policy rate (R<sup>mp</sup><sub>t</sub>),0.263
2026.5,1-year shock (4 quarters),Policy rate (R<sup>mp</sup><sub>t</sub>),0.133
2026.75,1-year shock (4 quarters),Policy rate (R<sup>mp</sup><sub>t</sub>),0.067
2027.0,1-year shock (4 quarters),Policy rate (R<sup>mp</sup><sub>t</sub>),0.034
2027.25,1-year shock (4 quarters),Policy rate (R<sup>mp</sup><sub>t</sub>),0.017
2027.5,1-year shock (4 quarters),Policy rate (R<sup>mp</sup><sub>t</sub>),0.009
2027.75,1-year shock (4 quarters),Policy rate (R<sup>mp</sup><sub>t</sub>),0.004
2028.0,1-year shock (4 quarters),Policy rate (R<sup>mp</sup><sub>t</sub>),0.002
2028.25,1-year shock (4 quarters),Policy rate (R<sup>mp</sup><sub>t</sub>),0.001
2028.5,1-year shock (4 quarters),Policy rate (R<sup>mp</sup><sub>t</sub>),0.001
2028.75,1-year shock (4 quarters),Policy rate (R<sup>mp</sup><sub>t</sub>),0.0
2029.0,1-year shock (4 quarters),Policy rate (R<sup>mp</sup><sub>t</sub>),0.0
2029.25,1-year shock (4 quarters),Policy rate (R<sup>mp</sup><sub>t</sub>),0.0
2029.5,1-year shock (4 quarters),Policy rate (R<sup>mp</sup><sub>t</sub>),0.0
2029.75,1-year shock (4 quarters),Policy rate (R<sup>mp</sup><sub>t</sub>),0.0
2030.0,1-year shock (4 quarters),Policy rate (R<sup>mp</sup><sub>t</sub>),0.0
2030.25,1-year shock (4 quarters),Policy rate (R<sup>mp</sup><sub>t</sub>),0.0
2030.5,1-year shock (4 quarters),Policy rate (R<sup>mp</sup><sub>t</sub>),0.0
2030.75,1-year shock (4 quarters),Policy rate (R<sup>mp</sup><sub>t</sub>),0.0
2031.0,1-year shock (4 quarters),Policy rate (R<sup>mp</sup><sub>t</sub>),0.0
2031.25,1-year shock (4 quarters),Policy rate (R<sup>mp</sup><sub>t</sub>),0.0
2031.5,1-year shock (4 quarters),Policy rate (R<sup>mp</sup><sub>t</sub>),0.0
2031.75,1-year shock (4 quarters),Policy rate (R<sup>mp</sup><sub>t</sub>),0.0
2032.0,1-year shock (4 quarters),Policy rate (R<sup>mp</sup><sub>t</sub>),0.0
2032.25,1-year shock (4 quarters),Policy rate (R<sup>mp</sup><sub>t</sub>),0.0
2032.5,1-year shock (4 quarters),Policy rate (R<sup>mp</sup><sub>t</sub>),0.0
2032.75,1-year shock (4 quarters),Policy rate (R<sup>mp</sup><sub>t</sub>),0.0
2033.0,1-year shock (4 quarters),Policy rate (R<sup>mp</sup><sub>t</sub>),0.0
2033.25,1-year shock (4 quarters),Policy rate (R<sup>mp</sup><sub>t</sub>),0.0
2033.5,1-year shock (4 quarters),Policy rate (R<sup>mp</sup><sub>t</sub>),0.0
2033.75,1-year shock (4 quarters),Policy rate (R<sup>mp</sup><sub>t</sub>),0.0
2034.0,1-year shock (4 quarters),Policy rate (R<sup>mp</sup><sub>t</sub>),0.0
2034.25,1-year shock (4 quarters),Policy rate (R<sup>mp</sup><sub>t</sub>),0.0
2034.5,1-year shock (4 quarters),Policy rate (R<sup>mp</sup><sub>t</sub>),0.0
2034.75,1-year shock (4 quarters),Policy rate (R<sup>mp</sup><sub>t</sub>),0.0
2035.0,1-year shock (4 quarters),Policy rate (R<sup>mp</sup><sub>t</sub>),0.0
2035.25,1-year shock (4 quarters),Policy rate (R<sup>mp</sup><sub>t</sub>),0.0
2035.5,1-year shock (4 quarters),Policy rate (R<sup>mp</sup><sub>t</sub>),0.0
2035.75,1-year shock (4 quarters),Policy rate (R<sup>mp</sup><sub>t</sub>),0.0
2036.0,1-year shock (4 quarters),Policy rate (R<sup>mp</sup><sub>t</sub>),0.0
2036.25,1-year shock (4 quarters),Policy rate (R<sup>mp</sup><sub>t</sub>),0.0
2036.5,1-year shock (4 quarters),Policy rate (R<sup>mp</sup><sub>t</sub>),0.0
2036.75,1-year shock (4 quarters),Policy rate (R<sup>mp</sup><sub>t</sub>),0.0
2037.0,1-year shock (4 quarters),Policy rate (R<sup>mp</sup><sub>t</sub>),0.0
2025.0,5-year shock (20 quarters),Policy rate (R<sup>mp</sup><sub>t</sub>),0.0
2025.25,5-year shock (20 quarters),Policy rate (R<sup>mp</sup><sub>t</sub>),-0.354
2025.5,5-year shock (20 quarters),Policy rate (R<sup>mp</sup><sub>t</sub>),-0.511
2025.75,5-year shock (20 quarters),Policy rate (R<sup>mp</sup><sub>t</sub>),-0.568
2026.0,5-year shock (20 quarters),Policy rate (R<sup>mp</sup><sub>t</sub>),-0.575
2026.25,5-year shock (20 quarters),Policy rate (R<sup>mp</sup><sub>t</sub>),-0.554
2026.5,5-year shock (20 quarters),Policy rate (R<sup>mp</sup><sub>t</sub>),-0.517
2026.75,5-year shock (20 quarters),Policy rate (R<sup>mp</sup><sub>t</sub>),-0.469
2027.0,5-year shock (20 quarters),Policy rate (R<sup>mp</sup><sub>t</sub>),-0.413
2027.25,5-year shock (20 quarters),Policy rate (R<sup>mp</sup><sub>t</sub>),-0.35
2027.5,5-year shock (20 quarters),Policy rate (R<sup>mp</sup><sub>t</sub>),-0.281
2027.75,5-year shock (20 quarters),Policy rate (R<sup>mp</sup><sub>t</sub>),-0.205
2028.0,5-year shock (20 quarters),Policy rate (R<sup>mp</sup><sub>t</sub>),-0.125
2028.25,5-year shock (20 quarters),Policy rate (R<sup>mp</sup><sub>t</sub>),-0.04
2028.5,5-year shock (20 quarters),Policy rate (R<sup>mp</sup><sub>t</sub>),0.048
2028.75,5-year shock (20 quarters),Policy rate (R<sup>mp</sup><sub>t</sub>),0.139
2029.0,5-year shock (20 quarters),Policy rate (R<sup>mp</sup><sub>t</sub>),0.231
2029.25,5-year shock (20 quarters),Policy rate (R<sup>mp</sup><sub>t</sub>),0.321
2029.5,5-year shock (20 quarters),Policy rate (R<sup>mp</sup><sub>t</sub>),0.405
2029.75,5-year shock (20 quarters),Policy rate (R<sup>mp</sup><sub>t</sub>),0.48
2030.0,5-year shock (20 quarters),Policy rate (R<sup>mp</sup><sub>t</sub>),0.538
2030.25,5-year shock (20 quarters),Policy rate (R<sup>mp</sup><sub>t</sub>),0.272
2030.5,5-year shock (20 quarters),Policy rate (R<sup>mp</sup><sub>t</sub>),0.137
2030.75,5-year shock (20 quarters),Policy rate (R<sup>mp</sup><sub>t</sub>),0.07
2031.0,5-year shock (20 quarters),Policy rate (R<sup>mp</sup><sub>t</sub>),0.035
2031.25,5-year shock (20 quarters),Policy rate (R<sup>mp</sup><sub>t</sub>),0.018
2031.5,5-year shock (20 quarters),Policy rate (R<sup>mp</sup><sub>t</sub>),0.009
2031.75,5-year shock (20 quarters),Policy rate (R<sup>mp</sup><sub>t</sub>),0.005
2032.0,5-year shock (20 quarters),Policy rate (R<sup>mp</sup><sub>t</sub>),0.002
2032.25,5-year shock (20 quarters),Policy rate (R<sup>mp</sup><sub>t</sub>),0.001
2032.5,5-year shock (20 quarters),Policy rate (R<sup>mp</sup><sub>t</sub>),0.001
2032.75,5-year shock (20 quarters),Policy rate (R<sup>mp</sup><sub>t</sub>),0.0
2033.0,5-year shock (20 quarters),Policy rate (R<sup>mp</sup><sub>t</sub>),0.0
2033.25,5-year shock (20 quarters),Policy rate (R<sup>mp</sup><sub>t</sub>),0.0
2033.5,5-year shock (20 quarters),Policy rate (R<sup>mp</sup><sub>t</sub>),0.0
2033.75,5-year shock (20 quarters),Policy rate (R<sup>mp</sup><sub>t</sub>),0.0
2034.0,5-year shock (20 quarters),Policy rate (R<sup>mp</sup><sub>t</sub>),0.0
2034.25,5-year shock (20 quarters),Policy rate (R<sup>mp</sup><sub>t</sub>),0.0
2034.5,5-year shock (20 quarters),Policy rate (R<sup>mp</sup><sub>t</sub>),0.0
2034.75,5-year shock (20 quarters),Policy rate (R<sup>mp</sup><sub>t</sub>),0.0
2035.0,5-year shock (20 quarters),Policy rate (R<sup>mp</sup><sub>t</sub>),0.0
2035.25,5-year shock (20 quarters),Policy rate (R<sup>mp</sup><sub>t</sub>),0.0
2035.5,5-year shock (20 quarters),Policy rate (R<sup>mp</sup><sub>t</sub>),0.0
2035.75,5-year shock (20 quarters),Policy rate (R<sup>mp</sup><sub>t</sub>),0.0
2036.0,5-year shock (20 quarters),Policy rate (R<sup>mp</sup><sub>t</sub>),0.0
2036.25,5-year shock (20 quarters),Policy rate (R<sup>mp</sup><sub>t</sub>),0.0
2036.5,5-year shock (20 quarters),Policy rate (R<sup>mp</sup><sub>t</sub>),0.0
2036.75,5-year shock (20 quarters),Policy rate (R<sup>mp</sup><sub>t</sub>),0.0
2037.0,5-year shock (20 quarters),Policy rate (R<sup>mp</sup><sub>t</sub>),0.0
2025.0,Permanent shock,Policy rate (R<sup>mp</sup><sub>t</sub>),0.0
2025.25,Permanent shock,Policy rate (R<sup>mp</sup><sub>t</sub>),-0.475
2025.5,Permanent shock,Policy rate (R<sup>mp</sup><sub>t</sub>),-0.705
2025.75,Permanent shock,Policy rate (R<sup>mp</sup><sub>t</sub>),-0.817
2026.0,Permanent shock,Policy rate (R<sup>mp</sup><sub>t</sub>),-0.872
2026.25,Permanent shock,Policy rate (R<sup>mp</sup><sub>t</sub>),-0.898
2026.5,Permanent shock,Policy rate (R<sup>mp</sup><sub>t</sub>),-0.91
2026.75,Permanent shock,Policy rate (R<sup>mp</sup><sub>t</sub>),-0.916
2027.0,Permanent shock,Policy rate (R<sup>mp</sup><sub>t</sub>),-0.919
2027.25,Permanent shock,Policy rate (R<sup>mp</sup><sub>t</sub>),-0.92
2027.5,Permanent shock,Policy rate (R<sup>mp</sup><sub>t</sub>),-0.92
2027.75,Permanent shock,Policy rate (R<sup>mp</sup><sub>t</sub>),-0.92
2028.0,Permanent shock,Policy rate (R<sup>mp</sup><sub>t</sub>),-0.92
2028.25,Permanent shock,Policy rate (R<sup>mp</sup><sub>t</sub>),-0.92
2028.5,Permanent shock,Policy rate (R<sup>mp</sup><sub>t</sub>),-0.92
2028.75,Permanent shock,Policy rate (R<sup>mp</sup><sub>t</sub>),-0.92
2029.0,Permanent shock,Policy rate (R<sup>mp</sup><sub>t</sub>),-0.92
2029.25,Permanent shock,Policy rate (R<sup>mp</sup><sub>t</sub>),-0.92
2029.5,Permanent shock,Policy rate (R<sup>mp</sup><sub>t</sub>),-0.92
2029.75,Permanent shock,Policy rate (R<sup>mp</sup><sub>t</sub>),-0.92
2030.0,Permanent shock,Policy rate (R<sup>mp</sup><sub>t</sub>),-0.92
2030.25,Permanent shock,Policy rate (R<sup>mp</sup><sub>t</sub>),-0.92
2030.5,Permanent shock,Policy rate (R<sup>mp</sup><sub>t</sub>),-0.92
2030.75,Permanent shock,Policy rate (R<sup>mp</sup><sub>t</sub>),-0.92
2031.0,Permanent shock,Policy rate (R<sup>mp</sup><sub>t</sub>),-0.92
2031.25,Permanent shock,Policy rate (R<sup>mp</sup><sub>t</sub>),-0.92
2031.5,Permanent shock,Policy rate (R<sup>mp</sup><sub>t</sub>),-0.92
2031.75,Permanent shock,Policy rate (R<sup>mp</sup><sub>t</sub>),-0.92
2032.0,Permanent shock,Policy rate (R<sup>mp</sup><sub>t</sub>),-0.92
2032.25,Permanent shock,Policy rate (R<sup>mp</sup><sub>t</sub>),-0.92
2032.5,Permanent shock,Policy rate (R<sup>mp</sup><sub>t</sub>),-0.92
2032.75,Permanent shock,Policy rate (R<sup>mp</sup><sub>t</sub>),-0.92
2033.0,Permanent shock,Policy rate (R<sup>mp</sup><sub>t</sub>),-0.92
2033.25,Permanent shock,Policy rate (R<sup>mp</sup><sub>t</sub>),-0.92
2033.5,Permanent shock,Policy rate (R<sup>mp</sup><sub>t</sub>),-0.92
2033.75,Permanent shock,Policy rate (R<sup>mp</sup><sub>t</sub>),-0.92
2034.0,Permanent shock,Policy rate (R<sup>mp</sup><sub>t</sub>),-0.92
2034.25,Permanent shock,Policy rate (R<sup>mp</sup><sub>t</sub>),-0.92
2034.5,Permanent shock,Policy rate (R<sup>mp</sup><sub>t</sub>),-0.92
2034.75,Permanent shock,Policy rate (R<sup>mp</sup><sub>t</sub>),-0.92
2035.0,Permanent shock,Policy rate (R<sup>mp</sup><sub>t</sub>),-0.92
2035.25,Permanent shock,Policy rate (R<sup>mp</sup><sub>t</sub>),-0.92
2035.5,Permanent shock,Policy rate (R<sup>mp</sup><sub>t</sub>),-0.92
2035.75,Permanent shock,Policy rate (R<sup>mp</sup><sub>t</sub>),-0.92
2036.0,Permanent shock,Policy rate (R<sup>mp</sup><sub>t</sub>),-0.92
2036.25,Permanent shock,Policy rate (R<sup>mp</sup><sub>t</sub>),-0.92
2036.5,Permanent shock,Policy rate (R<sup>mp</sup><sub>t</sub>),-0.92
2036.75,Permanent shock,Policy rate (R<sup>mp</sup><sub>t</sub>),-0.92
2037.0,Permanent shock,Policy rate (R<sup>mp</sup><sub>t</sub>),-0.92
2025.0,1-year shock (4 quarters),Real interest rate (R<sub>t</sub>/Π<sub>t</sub>),0.0
2025.25,1-year shock (4 quarters),Real interest rate (R<sub>t</sub>/Π<sub>t</sub>),0.114
2025.5,1-year shock (4 quarters),Real interest rate (R<sub>t</sub>/Π<sub>t</sub>),0.274
2025.75,1-year shock (4 quarters),Real interest rate (R<sub>t</sub>/Π<sub>t</sub>),0.41
2026.0,1-year shock (4 quarters),Real interest rate (R<sub>t</sub>/Π<sub>t</sub>),0.546
2026.25,1-year shock (4 quarters),Real interest rate (R<sub>t</sub>/Π<sub>t</sub>),0.399
2026.5,1-year shock (4 quarters),Real interest rate (R<sub>t</sub>/Π<sub>t</sub>),0.201
2026.75,1-year shock (4 quarters),Real interest rate (R<sub>t</sub>/Π<sub>t</sub>),0.101
2027.0,1-year shock (4 quarters),Real interest rate (R<sub>t</sub>/Π<sub>t</sub>),0.051
2027.25,1-year shock (4 quarters),Real interest rate (R<sub>t</sub>/Π<sub>t</sub>),0.026
2027.5,1-year shock (4 quarters),Real interest rate (R<sub>t</sub>/Π<sub>t</sub>),0.013
2027.75,1-year shock (4 quarters),Real interest rate (R<sub>t</sub>/Π<sub>t</sub>),0.007
2028.0,1-year shock (4 quarters),Real interest rate (R<sub>t</sub>/Π<sub>t</sub>),0.003
2028.25,1-year shock (4 quarters),Real interest rate (R<sub>t</sub>/Π<sub>t</sub>),0.002
2028.5,1-year shock (4 quarters),Real interest rate (R<sub>t</sub>/Π<sub>t</sub>),0.001
2028.75,1-year shock (4 quarters),Real interest rate (R<sub>t</sub>/Π<sub>t</sub>),0.0
2029.0,1-year shock (4 quarters),Real interest rate (R<sub>t</sub>/Π<sub>t</sub>),0.0
2029.25,1-year shock (4 quarters),Real interest rate (R<sub>t</sub>/Π<sub>t</sub>),0.0
2029.5,1-year shock (4 quarters),Real interest rate (R<sub>t</sub>/Π<sub>t</sub>),0.0
2029.75,1-year shock (4 quarters),Real interest rate (R<sub>t</sub>/Π<sub>t</sub>),0.0
2030.0,1-year shock (4 quarters),Real interest rate (R<sub>t</sub>/Π<sub>t</sub>),0.0
2030.25,1-year shock (4 quarters),Real interest rate (R<sub>t</sub>/Π<sub>t</sub>),0.0
2030.5,1-year shock (4 quarters),Real interest rate (R<sub>t</sub>/Π<sub>t</sub>),0.0
2030.75,1-year shock (4 quarters),Real interest rate (R<sub>t</sub>/Π<sub>t</sub>),0.0
2031.0,1-year shock (4 quarters),Real interest rate (R<sub>t</sub>/Π<sub>t</sub>),0.0
2031.25,1-year shock (4 quarters),Real interest rate (R<sub>t</sub>/Π<sub>t</sub>),0.0
2031.5,1-year shock (4 quarters),Real interest rate (R<sub>t</sub>/Π<sub>t</sub>),0.0
2031.75,1-year shock (4 quarters),Real interest rate (R<sub>t</sub>/Π<sub>t</sub>),0.0
2032.0,1-year shock (4 quarters),Real interest rate (R<sub>t</sub>/Π<sub>t</sub>),0.0
2032.25,1-year shock (4 quarters),Real interest rate (R<sub>t</sub>/Π<sub>t</sub>),0.0
2032.5,1-year shock (4 quarters),Real interest rate (R<sub>t</sub>/Π<sub>t</sub>),0.0
2032.75,1-year shock (4 quarters),Real interest rate (R<sub>t</sub>/Π<sub>t</sub>),0.0
2033.0,1-year shock (4 quarters),Real interest rate (R<sub>t</sub>/Π<sub>t</sub>),0.0
2033.25,1-year shock (4 quarters),Real interest rate (R<sub>t</sub>/Π<sub>t</sub>),0.0
2033.5,1-year shock (4 quarters),Real interest rate (R<sub>t</sub>/Π<sub>t</sub>),0.0
2033.75,1-year shock (4 quarters),Real interest rate (R<sub>t</sub>/Π<sub>t</sub>),0.0
2034.0,1-year shock (4 quarters),Real interest rate (R<sub>t</sub>/Π<sub>t</sub>),0.0
2034.25,1-year shock (4 quarters),Real interest rate (R<sub>t</sub>/Π<sub>t</sub>),0.0
2034.5,1-year shock (4 quarters),Real interest rate (R<sub>t</sub>/Π<sub>t</sub>),0.0
2034.75,1-year shock (4 quarters),Real interest rate (R<sub>t</sub>/Π<sub>t</sub>),0.0
2035.0,1-year shock (4 quarters),Real interest rate (R<sub>t</sub>/Π<sub>t</sub>),0.0
2035.25,1-year shock (4 quarters),Real interest rate (R<sub>t</sub>/Π<sub>t</sub>),0.0
2035.5,1-year shock (4 quarters),Real interest rate (R<sub>t</sub>/Π<sub>t</sub>),0.0
2035.75,1-year shock (4 quarters),Real interest rate (R<sub>t</sub>/Π<sub>t</sub>),0.0
2036.0,1-year shock (4 quarters),Real interest rate (R<sub>t</sub>/Π<sub>t</sub>),0.0
2036.25,1-year shock (4 quarters),Real interest rate (R<sub>t</sub>/Π<sub>t</sub>),0.0
2036.5,1-year shock (4 quarters),Real interest rate (R<sub>t</sub>/Π<sub>t</sub>),0.0
2036.75,1-year shock (4 quarters),Real interest rate (R<sub>t</sub>/Π<sub>t</sub>),0.0
2037.0,1-year shock (4 quarters),Real interest rate (R<sub>t</sub>/Π<sub>t</sub>),0.0
2025.0,5-year shock (20 quarters),Real interest rate (R<sub>t</sub>/Π<sub>t</sub>),0.0
2025.25,5-year shock (20 quarters),Real interest rate (R<sub>t</sub>/Π<sub>t</sub>),0.594
2025.5,5-year shock (20 quarters),Real interest rate (R<sub>t</sub>/Π<sub>t</sub>),0.295
2025.75,5-year shock (20 quarters),Real interest rate (R<sub>t</sub>/Π<sub>t</sub>),0.15
2026.0,5-year shock (20 quarters),Real interest rate (R<sub>t</sub>/Π<sub>t</sub>),0.08
2026.25,5-year shock (20 quarters),Real interest rate (R<sub>t</sub>/Π<sub>t</sub>),0.047
2026.5,5-year shock (20 quarters),Real interest rate (R<sub>t</sub>/Π<sub>t</sub>),0.034
2026.75,5-year shock (20 quarters),Real interest rate (R<sub>t</sub>/Π<sub>t</sub>),0.031
2027.0,5-year shock (20 quarters),Real interest rate (R<sub>t</sub>/Π<sub>t</sub>),0.034
2027.25,5-year shock (20 quarters),Real interest rate (R<sub>t</sub>/Π<sub>t</sub>),0.041
2027.5,5-year shock (20 quarters),Real interest rate (R<sub>t</sub>/Π<sub>t</sub>),0.052
2027.75,5-year shock (20 quarters),Real interest rate (R<sub>t</sub>/Π<sub>t</sub>),0.067
2028.0,5-year shock (20 quarters),Real interest rate (R<sub>t</sub>/Π<sub>t</sub>),0.086
2028.25,5-year shock (20 quarters),Real interest rate (R<sub>t</sub>/Π<sub>t</sub>),0.111
2028.5,5-year shock (20 quarters),Real interest rate (R<sub>t</sub>/Π<sub>t</sub>),0.142
2028.75,5-year shock (20 quarters),Real interest rate (R<sub>t</sub>/Π<sub>t</sub>),0.181
2029.0,5-year shock (20 quarters),Real interest rate (R<sub>t</sub>/Π<sub>t</sub>),0.229
2029.25,5-year shock (20 quarters),Real interest rate (R<sub>t</sub>/Π<sub>t</sub>),0.289
2029.5,5-year shock (20 quarters),Real interest rate (R<sub>t</sub>/Π<sub>t</sub>),0.363
2029.75,5-year shock (20 quarters),Real interest rate (R<sub>t</sub>/Π<sub>t</sub>),0.455
2030.0,5-year shock (20 quarters),Real interest rate (R<sub>t</sub>/Π<sub>t</sub>),0.569
2030.25,5-year shock (20 quarters),Real interest rate (R<sub>t</sub>/Π<sub>t</sub>),0.411
2030.5,5-year shock (20 quarters),Real interest rate (R<sub>t</sub>/Π<sub>t</sub>),0.207
2030.75,5-year shock (20 quarters),Real interest rate (R<sub>t</sub>/Π<sub>t</sub>),0.104
2031.0,5-year shock (20 quarters),Real interest rate (R<sub>t</sub>/Π<sub>t</sub>),0.053
2031.25,5-year shock (20 quarters),Real interest rate (R<sub>t</sub>/Π<sub>t</sub>),0.027
2031.5,5-year shock (20 quarters),Real interest rate (R<sub>t</sub>/Π<sub>t</sub>),0.014
2031.75,5-year shock (20 quarters),Real interest rate (R<sub>t</sub>/Π<sub>t</sub>),0.007
2032.0,5-year shock (20 quarters),Real interest rate (R<sub>t</sub>/Π<sub>t</sub>),0.004
2032.25,5-year shock (20 quarters),Real interest rate (R<sub>t</sub>/Π<sub>t</sub>),0.002
2032.5,5-year shock (20 quarters),Real interest rate (R<sub>t</sub>/Π<sub>t</sub>),0.001
2032.75,5-year shock (20 quarters),Real interest rate (R<sub>t</sub>/Π<sub>t</sub>),0.0
2033.0,5-year shock (20 quarters),Real interest rate (R<sub>t</sub>/Π<sub>t</sub>),0.0
2033.25,5-year shock (20 quarters),Real interest rate (R<sub>t</sub>/Π<sub>t</sub>),0.0
2033.5,5-year shock (20 quarters),Real interest rate (R<sub>t</sub>/Π<sub>t</sub>),0.0
2033.75,5-year shock (20 quarters),Real interest rate (R<sub>t</sub>/Π<sub>t</sub>),0.0
2034.0,5-year shock (20 quarters),Real interest rate (R<sub>t</sub>/Π<sub>t</sub>),0.0
2034.25,5-year shock (20 quarters),Real interest rate (R<sub>t</sub>/Π<sub>t</sub>),0.0
2034.5,5-year shock (20 quarters),Real interest rate (R<sub>t</sub>/Π<sub>t</sub>),0.0
2034.75,5-year shock (20 quarters),Real interest rate (R<sub>t</sub>/Π<sub>t</sub>),0.0
2035.0,5-year shock (20 quarters),Real interest rate (R<sub>t</sub>/Π<sub>t</sub>),0.0
2035.25,5-year shock (20 quarters),Real interest rate (R<sub>t</sub>/Π<sub>t</sub>),0.0
2035.5,5-year shock (20 quarters),Real interest rate (R<sub>t</sub>/Π<sub>t</sub>),0.0
2035.75,5-year shock (20 quarters),Real interest rate (R<sub>t</sub>/Π<sub>t</sub>),0.0
2036.0,5-year shock (20 quarters),Real interest rate (R<sub>t</sub>/Π<sub>t</sub>),0.0
2036.25,5-year shock (20 quarters),Real interest rate (R<sub>t</sub>/Π<sub>t</sub>),0.0
2036.5,5-year shock (20 quarters),Real interest rate (R<sub>t</sub>/Π<sub>t</sub>),0.0
2036.75,5-year shock (20 quarters),Real interest rate (R<sub>t</sub>/Π<sub>t</sub>),0.0
2037.0,5-year shock (20 quarters),Real interest rate (R<sub>t</sub>/Π<sub>t</sub>),0.0
2025.0,Permanent shock,Real interest rate (R<sub>t</sub>/Π<sub>t</sub>),0.0
2025.25,Permanent shock,Real interest rate (R<sub>t</sub>/Π<sub>t</sub>),0.735
2025.5,Permanent shock,Real interest rate (R<sub>t</sub>/Π<sub>t</sub>),0.357
2025.75,Permanent shock,Real interest rate (R<sub>t</sub>/Π<sub>t</sub>),0.174
2026.0,Permanent shock,Real interest rate (R<sub>t</sub>/Π<sub>t</sub>),0.084
2026.25,Permanent shock,Real interest rate (R<sub>t</sub>/Π<sub>t</sub>),0.041
2026.5,Permanent shock,Real interest rate (R<sub>t</sub>/Π<sub>t</sub>),0.019
2026.75,Permanent shock,Real interest rate (R<sub>t</sub>/Π<sub>t</sub>),0.009
2027.0,Permanent shock,Real interest rate (R<sub>t</sub>/Π<sub>t</sub>),0.004
2027.25,Permanent shock,Real interest rate (R<sub>t</sub>/Π<sub>t</sub>),0.002
2027.5,Permanent shock,Real interest rate (R<sub>t</sub>/Π<sub>t</sub>),0.001
2027.75,Permanent shock,Real interest rate (R<sub>t</sub>/Π<sub>t</sub>),0.0
2028.0,Permanent shock,Real interest rate (R<sub>t</sub>/Π<sub>t</sub>),-0.0
2028.25,Permanent shock,Real interest rate (R<sub>t</sub>/Π<sub>t</sub>),-0.0
2028.5,Permanent shock,Real interest rate (R<sub>t</sub>/Π<sub>t</sub>),-0.0
2028.75,Permanent shock,Real interest rate (R<sub>t</sub>/Π<sub>t</sub>),-0.0
2029.0,Permanent shock,Real interest rate (R<sub>t</sub>/Π<sub>t</sub>),-0.0
2029.25,Permanent shock,Real interest rate (R<sub>t</sub>/Π<sub>t</sub>),-0.0
2029.5,Permanent shock,Real interest rate (R<sub>t</sub>/Π<sub>t</sub>),-0.0
2029.75,Permanent shock,Real interest rate (R<sub>t</sub>/Π<sub>t</sub>),-0.0
2030.0,Permanent shock,Real interest rate (R<sub>t</sub>/Π<sub>t</sub>),-0.0
2030.25,Permanent shock,Real interest rate (R<sub>t</sub>/Π<sub>t</sub>),-0.0
2030.5,Permanent shock,Real interest rate (R<sub>t</sub>/Π<sub>t</sub>),-0.0
2030.75,Permanent shock,Real interest rate (R<sub>t</sub>/Π<sub>t</sub>),-0.0
2031.0,Permanent shock,Real interest rate (R<sub>t</sub>/Π<sub>t</sub>),-0.0
2031.25,Permanent shock,Real interest rate (R<sub>t</sub>/Π<sub>t</sub>),-0.0
2031.5,Permanent shock,Real interest rate (R<sub>t</sub>/Π<sub>t</sub>),-0.0
2031.75,Permanent shock,Real interest rate (R<sub>t</sub>/Π<sub>t</sub>),-0.0
2032.0,Permanent shock,Real interest rate (R<sub>t</sub>/Π<sub>t</sub>),-0.0
2032.25,Permanent shock,Real interest rate (R<sub>t</sub>/Π<sub>t</sub>),-0.0
2032.5,Permanent shock,Real interest rate (R<sub>t</sub>/Π<sub>t</sub>),-0.0
2032.75,Permanent shock,Real interest rate (R<sub>t</sub>/Π<sub>t</sub>),-0.0
2033.0,Permanent shock,Real interest rate (R<sub>t</sub>/Π<sub>t</sub>),-0.0
2033.25,Permanent shock,Real interest rate (R<sub>t</sub>/Π<sub>t</sub>),-0.0
2033.5,Permanent shock,Real interest rate (R<sub>t</sub>/Π<sub>t</sub>),-0.0
2033.75,Permanent shock,Real interest rate (R<sub>t</sub>/Π<sub>t</sub>),-0.0
2034.0,Permanent shock,Real interest rate (R<sub>t</sub>/Π<sub>t</sub>),-0.0
2034.25,Permanent shock,Real interest rate (R<sub>t</sub>/Π<sub>t</sub>),-0.0
2034.5,Permanent shock,Real interest rate (R<sub>t</sub>/Π<sub>t</sub>),-0.0
2034.75,Permanent shock,Real interest rate (R<sub>t</sub>/Π<sub>t</sub>),-0.0
2035.0,Permanent shock,Real interest rate (R<sub>t</sub>/Π<sub>t</sub>),-0.0
2035.25,Permanent shock,Real interest rate (R<sub>t</sub>/Π<sub>t</sub>),-0.0
2035.5,Permanent shock,Real interest rate (R<sub>t</sub>/Π<sub>t</sub>),-0.0
2035.75,Permanent shock,Real interest rate (R<sub>t</sub>/Π<sub>t</sub>),-0.0
2036.0,Permanent shock,Real interest rate (R<sub>t</sub>/Π<sub>t</sub>),-0.0
2036.25,Permanent shock,Real interest rate (R<sub>t</sub>/Π<sub>t</sub>),-0.0
2036.5,Permanent shock,Real interest rate (R<sub>t</sub>/Π<sub>t</sub>),-0.0
2036.75,Permanent shock,Real interest rate (R<sub>t</sub>/Π<sub>t</sub>),-0.0
2037.0,Permanent shock,Real interest rate (R<sub>t</sub>/Π<sub>t</sub>),-0.0
