year,shock,variable,pct_dev
2026,Infrastructure investment,Output,0.498
2027,Infrastructure investment,Output,0.714
2028,Infrastructure investment,Output,0.909
2029,Infrastructure investment,Output,1.084
2030,Infrastructure investment,Output,1.245
2031,Infrastructure investment,Output,1.391
2032,Infrastructure investment,Output,1.526
2033,Infrastructure investment,Output,1.651
2034,Infrastructure investment,Output,1.765
2035,Infrastructure investment,Output,1.871
2036,Infrastructure investment,Output,1.97
2037,Infrastructure investment,Output,2.061
2038,Infrastructure investment,Output,2.145
2039,Infrastructure investment,Output,2.223
2040,Infrastructure investment,Output,2.295
2041,Infrastructure investment,Output,2.362
2042,Infrastructure investment,Output,2.424
2043,Infrastructure investment,Output,2.482
2044,Infrastructure investment,Output,2.535
2045,Infrastructure investment,Output,2.584
2046,Infrastructure investment,Output,2.63
2047,Infrastructure investment,Output,2.672
2048,Infrastructure investment,Output,2.71
2049,Infrastructure investment,Output,2.746
2050,Infrastructure investment,Output,2.78
2026,Human capital investment,Output,0.646
2027,Human capital investment,Output,0.507
2028,Human capital investment,Output,0.454
2029,Human capital investment,Output,0.471
2030,Human capital investment,Output,0.543
2031,Human capital investment,Output,0.657
2032,Human capital investment,Output,0.802
2033,Human capital investment,Output,0.971
2034,Human capital investment,Output,1.158
2035,Human capital investment,Output,1.357
2036,Human capital investment,Output,1.564
2037,Human capital investment,Output,1.776
2038,Human capital investment,Output,1.991
2039,Human capital investment,Output,2.206
2040,Human capital investment,Output,2.419
2041,Human capital investment,Output,2.629
2042,Human capital investment,Output,2.834
2043,Human capital investment,Output,3.035
2044,Human capital investment,Output,3.229
2045,Human capital investment,Output,3.418
2046,Human capital investment,Output,3.599
2047,Human capital investment,Output,3.773
2048,Human capital investment,Output,3.94
2049,Human capital investment,Output,4.1
2050,Human capital investment,Output,4.252
2026,R&D investment,Output,0.237
2027,R&D investment,Output,0.359
2028,R&D investment,Output,0.644
2029,R&D investment,Output,0.97
2030,R&D investment,Output,1.292
2031,R&D investment,Output,1.595
2032,R&D investment,Output,1.874
2033,R&D investment,Output,2.129
2034,R&D investment,Output,2.364
2035,R&D investment,Output,2.578
2036,R&D investment,Output,2.774
2037,R&D investment,Output,2.954
2038,R&D investment,Output,3.119
2039,R&D investment,Output,3.269
2040,R&D investment,Output,3.408
2041,R&D investment,Output,3.534
2042,R&D investment,Output,3.65
2043,R&D investment,Output,3.756
2044,R&D investment,Output,3.853
2045,R&D investment,Output,3.942
2046,R&D investment,Output,4.024
2047,R&D investment,Output,4.098
2048,R&D investment,Output,4.166
2049,R&D investment,Output,4.228
2050,R&D investment,Output,4.285
2026,Government consumption,Output,0.598
2027,Government consumption,Output,0.651
2028,Government consumption,Output,0.699
2029,Government consumption,Output,0.744
2030,Government consumption,Output,0.786
2031,Government consumption,Output,0.827
2032,Government consumption,Output,0.865
2033,Government consumption,Output,0.901
2034,Government consumption,Output,0.934
2035,Government consumption,Output,0.966
2036,Government consumption,Output,0.995
2037,Government consumption,Output,1.022
2038,Government consumption,Output,1.048
2039,Government consumption,Output,1.072
2040,Government consumption,Output,1.094
2041,Government consumption,Output,1.115
2042,Government consumption,Output,1.134
2043,Government consumption,Output,1.151
2044,Government consumption,Output,1.168
2045,Government consumption,Output,1.183
2046,Government consumption,Output,1.197
2047,Government consumption,Output,1.21
2048,Government consumption,Output,1.223
2049,Government consumption,Output,1.234
2050,Government consumption,Output,1.244
2026,Infrastructure investment,Consumption,-0.723
2027,Infrastructure investment,Consumption,-0.586
2028,Infrastructure investment,Consumption,-0.43
2029,Infrastructure investment,Consumption,-0.263
2030,Infrastructure investment,Consumption,-0.093
2031,Infrastructure investment,Consumption,0.078
2032,Infrastructure investment,Consumption,0.247
2033,Infrastructure investment,Consumption,0.411
2034,Infrastructure investment,Consumption,0.568
2035,Infrastructure investment,Consumption,0.72
2036,Infrastructure investment,Consumption,0.864
2037,Infrastructure investment,Consumption,1.0
2038,Infrastructure investment,Consumption,1.129
2039,Infrastructure investment,Consumption,1.251
2040,Infrastructure investment,Consumption,1.365
2041,Infrastructure investment,Consumption,1.473
2042,Infrastructure investment,Consumption,1.574
2043,Infrastructure investment,Consumption,1.668
2044,Infrastructure investment,Consumption,1.756
2045,Infrastructure investment,Consumption,1.838
2046,Infrastructure investment,Consumption,1.914
2047,Infrastructure investment,Consumption,1.986
2048,Infrastructure investment,Consumption,2.052
2049,Infrastructure investment,Consumption,2.114
2050,Infrastructure investment,Consumption,2.171
2026,Human capital investment,Consumption,-0.833
2027,Human capital investment,Consumption,-0.743
2028,Human capital investment,Consumption,-0.653
2029,Human capital investment,Consumption,-0.55
2030,Human capital investment,Consumption,-0.427
2031,Human capital investment,Consumption,-0.281
2032,Human capital investment,Consumption,-0.112
2033,Human capital investment,Consumption,0.08
2034,Human capital investment,Consumption,0.291
2035,Human capital investment,Consumption,0.52
2036,Human capital investment,Consumption,0.763
2037,Human capital investment,Consumption,1.018
2038,Human capital investment,Consumption,1.282
2039,Human capital investment,Consumption,1.551
2040,Human capital investment,Consumption,1.824
2041,Human capital investment,Consumption,2.099
2042,Human capital investment,Consumption,2.373
2043,Human capital investment,Consumption,2.645
2044,Human capital investment,Consumption,2.914
2045,Human capital investment,Consumption,3.178
2046,Human capital investment,Consumption,3.436
2047,Human capital investment,Consumption,3.687
2048,Human capital investment,Consumption,3.931
2049,Human capital investment,Consumption,4.167
2050,Human capital investment,Consumption,4.395
2026,R&D investment,Consumption,-0.808
2027,R&D investment,Consumption,-0.719
2028,R&D investment,Consumption,-0.568
2029,R&D investment,Consumption,-0.355
2030,R&D investment,Consumption,-0.094
2031,R&D investment,Consumption,0.199
2032,R&D investment,Consumption,0.509
2033,R&D investment,Consumption,0.826
2034,R&D investment,Consumption,1.141
2035,R&D investment,Consumption,1.45
2036,R&D investment,Consumption,1.748
2037,R&D investment,Consumption,2.032
2038,R&D investment,Consumption,2.302
2039,R&D investment,Consumption,2.555
2040,R&D investment,Consumption,2.793
2041,R&D investment,Consumption,3.016
2042,R&D investment,Consumption,3.222
2043,R&D investment,Consumption,3.414
2044,R&D investment,Consumption,3.592
2045,R&D investment,Consumption,3.756
2046,R&D investment,Consumption,3.907
2047,R&D investment,Consumption,4.047
2048,R&D investment,Consumption,4.175
2049,R&D investment,Consumption,4.293
2050,R&D investment,Consumption,4.402
2026,Government consumption,Consumption,-1.302
2027,Government consumption,Consumption,-1.205
2028,Government consumption,Consumption,-1.117
2029,Government consumption,Consumption,-1.037
2030,Government consumption,Consumption,-0.963
2031,Government consumption,Consumption,-0.894
2032,Government consumption,Consumption,-0.83
2033,Government consumption,Consumption,-0.77
2034,Government consumption,Consumption,-0.714
2035,Government consumption,Consumption,-0.662
2036,Government consumption,Consumption,-0.613
2037,Government consumption,Consumption,-0.567
2038,Government consumption,Consumption,-0.524
2039,Government consumption,Consumption,-0.484
2040,Government consumption,Consumption,-0.447
2041,Government consumption,Consumption,-0.412
2042,Government consumption,Consumption,-0.379
2043,Government consumption,Consumption,-0.348
2044,Government consumption,Consumption,-0.32
2045,Government consumption,Consumption,-0.293
2046,Government consumption,Consumption,-0.269
2047,Government consumption,Consumption,-0.246
2048,Government consumption,Consumption,-0.224
2049,Government consumption,Consumption,-0.205
2050,Government consumption,Consumption,-0.186
2026,Infrastructure investment,Private investment,-0.717
2027,Infrastructure investment,Private investment,-0.072
2028,Infrastructure investment,Private investment,0.425
2029,Infrastructure investment,Private investment,0.815
2030,Infrastructure investment,Private investment,1.126
2031,Infrastructure investment,Private investment,1.377
2032,Infrastructure investment,Private investment,1.584
2033,Infrastructure investment,Private investment,1.757
2034,Infrastructure investment,Private investment,1.904
2035,Infrastructure investment,Private investment,2.03
2036,Infrastructure investment,Private investment,2.14
2037,Infrastructure investment,Private investment,2.236
2038,Infrastructure investment,Private investment,2.321
2039,Infrastructure investment,Private investment,2.397
2040,Infrastructure investment,Private investment,2.465
2041,Infrastructure investment,Private investment,2.526
2042,Infrastructure investment,Private investment,2.581
2043,Infrastructure investment,Private investment,2.632
2044,Infrastructure investment,Private investment,2.677
2045,Infrastructure investment,Private investment,2.719
2046,Infrastructure investment,Private investment,2.756
2047,Infrastructure investment,Private investment,2.791
2048,Infrastructure investment,Private investment,2.822
2049,Infrastructure investment,Private investment,2.851
2050,Infrastructure investment,Private investment,2.877
2026,Human capital investment,Private investment,0.244
2027,Human capital investment,Private investment,-0.56
2028,Human capital investment,Private investment,-0.977
2029,Human capital investment,Private investment,-1.119
2030,Human capital investment,Private investment,-1.079
2031,Human capital investment,Private investment,-0.916
2032,Human capital investment,Private investment,-0.674
2033,Human capital investment,Private investment,-0.38
2034,Human capital investment,Private investment,-0.057
2035,Human capital investment,Private investment,0.281
2036,Human capital investment,Private investment,0.625
2037,Human capital investment,Private investment,0.967
2038,Human capital investment,Private investment,1.301
2039,Human capital investment,Private investment,1.627
2040,Human capital investment,Private investment,1.94
2041,Human capital investment,Private investment,2.24
2042,Human capital investment,Private investment,2.526
2043,Human capital investment,Private investment,2.797
2044,Human capital investment,Private investment,3.055
2045,Human capital investment,Private investment,3.298
2046,Human capital investment,Private investment,3.528
2047,Human capital investment,Private investment,3.744
2048,Human capital investment,Private investment,3.947
2049,Human capital investment,Private investment,4.137
2050,Human capital investment,Private investment,4.315
2026,R&D investment,Private investment,-1.181
2027,R&D investment,Private investment,-2.853
2028,R&D investment,Private investment,-2.461
2029,R&D investment,Private investment,-1.501
2030,R&D investment,Private investment,-0.5
2031,R&D investment,Private investment,0.383
2032,R&D investment,Private investment,1.118
2033,R&D investment,Private investment,1.716
2034,R&D investment,Private investment,2.2
2035,R&D investment,Private investment,2.594
2036,R&D investment,Private investment,2.916
2037,R&D investment,Private investment,3.182
2038,R&D investment,Private investment,3.402
2039,R&D investment,Private investment,3.587
2040,R&D investment,Private investment,3.744
2041,R&D investment,Private investment,3.877
2042,R&D investment,Private investment,3.992
2043,R&D investment,Private investment,4.09
2044,R&D investment,Private investment,4.176
2045,R&D investment,Private investment,4.251
2046,R&D investment,Private investment,4.316
2047,R&D investment,Private investment,4.373
2048,R&D investment,Private investment,4.424
2049,R&D investment,Private investment,4.469
2050,R&D investment,Private investment,4.509
2026,Government consumption,Private investment,0.936
2027,Government consumption,Private investment,0.925
2028,Government consumption,Private investment,0.918
2029,Government consumption,Private investment,0.922
2030,Government consumption,Private investment,0.934
2031,Government consumption,Private investment,0.952
2032,Government consumption,Private investment,0.974
2033,Government consumption,Private investment,0.997
2034,Government consumption,Private investment,1.02
2035,Government consumption,Private investment,1.044
2036,Government consumption,Private investment,1.067
2037,Government consumption,Private investment,1.089
2038,Government consumption,Private investment,1.11
2039,Government consumption,Private investment,1.13
2040,Government consumption,Private investment,1.148
2041,Government consumption,Private investment,1.165
2042,Government consumption,Private investment,1.181
2043,Government consumption,Private investment,1.196
2044,Government consumption,Private investment,1.21
2045,Government consumption,Private investment,1.222
2046,Government consumption,Private investment,1.234
2047,Government consumption,Private investment,1.244
2048,Government consumption,Private investment,1.254
2049,Government consumption,Private investment,1.263
2050,Government consumption,Private investment,1.271
2026,Infrastructure investment,Government spending,4.338
2027,Infrastructure investment,Government spending,4.338
2028,Infrastructure investment,Government spending,4.338
2029,Infrastructure investment,Government spending,4.338
2030,Infrastructure investment,Government spending,4.338
2031,Infrastructure investment,Government spending,4.338
2032,Infrastructure investment,Government spending,4.338
2033,Infrastructure investment,Government spending,4.338
2034,Infrastructure investment,Government spending,4.338
2035,Infrastructure investment,Government spending,4.338
2036,Infrastructure investment,Government spending,4.338
2037,Infrastructure investment,Government spending,4.338
2038,Infrastructure investment,Government spending,4.338
2039,Infrastructure investment,Government spending,4.338
2040,Infrastructure investment,Government spending,4.338
2041,Infrastructure investment,Government spending,4.338
2042,Infrastructure investment,Government spending,4.338
2043,Infrastructure investment,Government spending,4.338
2044,Infrastructure investment,Government spending,4.338
2045,Infrastructure investment,Government spending,4.338
2046,Infrastructure investment,Government spending,4.338
2047,Infrastructure investment,Government spending,4.338
2048,Infrastructure investment,Government spending,4.338
2049,Infrastructure investment,Government spending,4.338
2050,Infrastructure investment,Government spending,4.338
2026,Human capital investment,Government spending,4.338
2027,Human capital investment,Government spending,4.338
2028,Human capital investment,Government spending,4.338
2029,Human capital investment,Government spending,4.338
2030,Human capital investment,Government spending,4.338
2031,Human capital investment,Government spending,4.338
2032,Human capital investment,Government spending,4.338
2033,Human capital investment,Government spending,4.338
2034,Human capital investment,Government spending,4.338
2035,Human capital investment,Government spending,4.338
2036,Human capital investment,Government spending,4.338
2037,Human capital investment,Government spending,4.338
2038,Human capital investment,Government spending,4.338
2039,Human capital investment,Government spending,4.338
2040,Human capital investment,Government spending,4.338
2041,Human capital investment,Government spending,4.338
2042,Human capital investment,Government spending,4.338
2043,Human capital investment,Government spending,4.338
2044,Human capital investment,Government spending,4.338
2045,Human capital investment,Government spending,4.338
2046,Human capital investment,Government spending,4.338
2047,Human capital investment,Government spending,4.338
2048,Human capital investment,Government spending,4.338
2049,Human capital investment,Government spending,4.338
2050,Human capital investment,Government spending,4.338
2026,R&D investment,Government spending,4.338
2027,R&D investment,Government spending,4.338
2028,R&D investment,Government spending,4.338
2029,R&D investment,Government spending,4.338
2030,R&D investment,Government spending,4.338
2031,R&D investment,Government spending,4.338
2032,R&D investment,Government spending,4.338
2033,R&D investment,Government spending,4.338
2034,R&D investment,Government spending,4.338
2035,R&D investment,Government spending,4.338
2036,R&D investment,Government spending,4.338
2037,R&D investment,Government spending,4.338
2038,R&D investment,Government spending,4.338
2039,R&D investment,Government spending,4.338
2040,R&D investment,Government spending,4.338
2041,R&D investment,Government spending,4.338
2042,R&D investment,Government spending,4.338
2043,R&D investment,Government spending,4.338
2044,R&D investment,Government spending,4.338
2045,R&D investment,Government spending,4.338
2046,R&D investment,Government spending,4.338
2047,R&D investment,Government spending,4.338
2048,R&D investment,Government spending,4.338
2049,R&D investment,Government spending,4.338
2050,R&D investment,Government spending,4.338
2026,Government consumption,Government spending,4.338
2027,Government consumption,Government spending,4.338
2028,Government consumption,Government spending,4.338
2029,Government consumption,Government spending,4.338
2030,Government consumption,Government spending,4.338
2031,Government consumption,Government spending,4.338
2032,Government consumption,Government spending,4.338
2033,Government consumption,Government spending,4.338
2034,Government consumption,Government spending,4.338
2035,Government consumption,Government spending,4.338
2036,Government consumption,Government spending,4.338
2037,Government consumption,Government spending,4.338
2038,Government consumption,Government spending,4.338
2039,Government consumption,Government spending,4.338
2040,Government consumption,Government spending,4.338
2041,Government consumption,Government spending,4.338
2042,Government consumption,Government spending,4.338
2043,Government consumption,Government spending,4.338
2044,Government consumption,Government spending,4.338
2045,Government consumption,Government spending,4.338
2046,Government consumption,Government spending,4.338
2047,Government consumption,Government spending,4.338
2048,Government consumption,Government spending,4.338
2049,Government consumption,Government spending,4.338
2050,Government consumption,Government spending,4.338
2026,Infrastructure investment,Labor supply,0.62
2027,Infrastructure investment,Labor supply,0.668
2028,Infrastructure investment,Labor supply,0.693
2029,Infrastructure investment,Labor supply,0.701
2030,Infrastructure investment,Labor supply,0.696
2031,Infrastructure investment,Labor supply,0.684
2032,Infrastructure investment,Labor supply,0.665
2033,Infrastructure investment,Labor supply,0.644
2034,Infrastructure investment,Labor supply,0.62
2035,Infrastructure investment,Labor supply,0.595
2036,Infrastructure investment,Labor supply,0.57
2037,Infrastructure investment,Labor supply,0.545
2038,Infrastructure investment,Labor supply,0.52
2039,Infrastructure investment,Labor supply,0.496
2040,Infrastructure investment,Labor supply,0.472
2041,Infrastructure investment,Labor supply,0.45
2042,Infrastructure investment,Labor supply,0.429
2043,Infrastructure investment,Labor supply,0.409
2044,Infrastructure investment,Labor supply,0.389
2045,Infrastructure investment,Labor supply,0.371
2046,Infrastructure investment,Labor supply,0.354
2047,Infrastructure investment,Labor supply,0.338
2048,Infrastructure investment,Labor supply,0.323
2049,Infrastructure investment,Labor supply,0.309
2050,Infrastructure investment,Labor supply,0.296
2026,Human capital investment,Labor supply,1.045
2027,Human capital investment,Labor supply,0.809
2028,Human capital investment,Labor supply,0.65
2029,Human capital investment,Labor supply,0.547
2030,Human capital investment,Labor supply,0.482
2031,Human capital investment,Labor supply,0.44
2032,Human capital investment,Labor supply,0.411
2033,Human capital investment,Labor supply,0.391
2034,Human capital investment,Labor supply,0.375
2035,Human capital investment,Labor supply,0.359
2036,Human capital investment,Labor supply,0.344
2037,Human capital investment,Labor supply,0.326
2038,Human capital investment,Labor supply,0.307
2039,Human capital investment,Labor supply,0.286
2040,Human capital investment,Labor supply,0.263
2041,Human capital investment,Labor supply,0.238
2042,Human capital investment,Labor supply,0.212
2043,Human capital investment,Labor supply,0.183
2044,Human capital investment,Labor supply,0.154
2045,Human capital investment,Labor supply,0.124
2046,Human capital investment,Labor supply,0.093
2047,Human capital investment,Labor supply,0.061
2048,Human capital investment,Labor supply,0.029
2049,Human capital investment,Labor supply,-0.002
2050,Human capital investment,Labor supply,-0.034
2026,R&D investment,Labor supply,0.549
2027,R&D investment,Labor supply,0.601
2028,R&D investment,Labor supply,0.694
2029,R&D investment,Labor supply,0.768
2030,R&D investment,Labor supply,0.809
2031,R&D investment,Labor supply,0.818
2032,R&D investment,Labor supply,0.803
2033,R&D investment,Labor supply,0.77
2034,R&D investment,Labor supply,0.725
2035,R&D investment,Labor supply,0.673
2036,R&D investment,Labor supply,0.617
2037,R&D investment,Labor supply,0.56
2038,R&D investment,Labor supply,0.502
2039,R&D investment,Labor supply,0.445
2040,R&D investment,Labor supply,0.391
2041,R&D investment,Labor supply,0.339
2042,R&D investment,Labor supply,0.289
2043,R&D investment,Labor supply,0.243
2044,R&D investment,Labor supply,0.2
2045,R&D investment,Labor supply,0.159
2046,R&D investment,Labor supply,0.121
2047,R&D investment,Labor supply,0.087
2048,R&D investment,Labor supply,0.054
2049,R&D investment,Labor supply,0.024
2050,R&D investment,Labor supply,-0.003
2026,Government consumption,Labor supply,0.897
2027,Government consumption,Labor supply,0.876
2028,Government consumption,Labor supply,0.856
2029,Government consumption,Labor supply,0.838
2030,Government consumption,Labor supply,0.823
2031,Government consumption,Labor supply,0.808
2032,Government consumption,Labor supply,0.795
2033,Government consumption,Labor supply,0.783
2034,Government consumption,Labor supply,0.772
2035,Government consumption,Labor supply,0.761
2036,Government consumption,Labor supply,0.751
2037,Government consumption,Labor supply,0.742
2038,Government consumption,Labor supply,0.733
2039,Government consumption,Labor supply,0.724
2040,Government consumption,Labor supply,0.716
2041,Government consumption,Labor supply,0.709
2042,Government consumption,Labor supply,0.701
2043,Government consumption,Labor supply,0.695
2044,Government consumption,Labor supply,0.688
2045,Government consumption,Labor supply,0.682
2046,Government consumption,Labor supply,0.676
2047,Government consumption,Labor supply,0.671
2048,Government consumption,Labor supply,0.666
2049,Government consumption,Labor supply,0.661
2050,Government consumption,Labor supply,0.656
2026,Infrastructure investment,Human capital stock,0.065
2027,Infrastructure investment,Human capital stock,0.086
2028,Infrastructure investment,Human capital stock,0.102
2029,Infrastructure investment,Human capital stock,0.114
2030,Infrastructure investment,Human capital stock,0.122
2031,Infrastructure investment,Human capital stock,0.127
2032,Infrastructure investment,Human capital stock,0.131
2033,Infrastructure investment,Human capital stock,0.133
2034,Infrastructure investment,Human capital stock,0.134
2035,Infrastructure investment,Human capital stock,0.134
2036,Infrastructure investment,Human capital stock,0.133
2037,Infrastructure investment,Human capital stock,0.131
2038,Infrastructure investment,Human capital stock,0.13
2039,Infrastructure investment,Human capital stock,0.127
2040,Infrastructure investment,Human capital stock,0.125
2041,Infrastructure investment,Human capital stock,0.122
2042,Infrastructure investment,Human capital stock,0.119
2043,Infrastructure investment,Human capital stock,0.117
2044,Infrastructure investment,Human capital stock,0.114
2045,Infrastructure investment,Human capital stock,0.111
2046,Infrastructure investment,Human capital stock,0.108
2047,Infrastructure investment,Human capital stock,0.106
2048,Infrastructure investment,Human capital stock,0.103
2049,Infrastructure investment,Human capital stock,0.101
2050,Infrastructure investment,Human capital stock,0.098
2026,Human capital investment,Human capital stock,-0.008
2027,Human capital investment,Human capital stock,0.051
2028,Human capital investment,Human capital stock,0.187
2029,Human capital investment,Human capital stock,0.375
2030,Human capital investment,Human capital stock,0.599
2031,Human capital investment,Human capital stock,0.845
2032,Human capital investment,Human capital stock,1.102
2033,Human capital investment,Human capital stock,1.363
2034,Human capital investment,Human capital stock,1.623
2035,Human capital investment,Human capital stock,1.876
2036,Human capital investment,Human capital stock,2.121
2037,Human capital investment,Human capital stock,2.355
2038,Human capital investment,Human capital stock,2.577
2039,Human capital investment,Human capital stock,2.785
2040,Human capital investment,Human capital stock,2.981
2041,Human capital investment,Human capital stock,3.163
2042,Human capital investment,Human capital stock,3.333
2043,Human capital investment,Human capital stock,3.489
2044,Human capital investment,Human capital stock,3.634
2045,Human capital investment,Human capital stock,3.766
2046,Human capital investment,Human capital stock,3.888
2047,Human capital investment,Human capital stock,3.999
2048,Human capital investment,Human capital stock,4.101
2049,Human capital investment,Human capital stock,4.194
2050,Human capital investment,Human capital stock,4.278
2026,R&D investment,Human capital stock,0.053
2027,R&D investment,Human capital stock,0.075
2028,R&D investment,Human capital stock,0.09
2029,R&D investment,Human capital stock,0.096
2030,R&D investment,Human capital stock,0.097
2031,R&D investment,Human capital stock,0.092
2032,R&D investment,Human capital stock,0.085
2033,R&D investment,Human capital stock,0.075
2034,R&D investment,Human capital stock,0.064
2035,R&D investment,Human capital stock,0.052
2036,R&D investment,Human capital stock,0.04
2037,R&D investment,Human capital stock,0.028
2038,R&D investment,Human capital stock,0.016
2039,R&D investment,Human capital stock,0.004
2040,R&D investment,Human capital stock,-0.007
2041,R&D investment,Human capital stock,-0.018
2042,R&D investment,Human capital stock,-0.028
2043,R&D investment,Human capital stock,-0.037
2044,R&D investment,Human capital stock,-0.046
2045,R&D investment,Human capital stock,-0.054
2046,R&D investment,Human capital stock,-0.062
2047,R&D investment,Human capital stock,-0.069
2048,R&D investment,Human capital stock,-0.076
2049,R&D investment,Human capital stock,-0.082
2050,R&D investment,Human capital stock,-0.088
2026,Government consumption,Human capital stock,0.078
2027,Government consumption,Human capital stock,0.11
2028,Government consumption,Human capital stock,0.138
2029,Government consumption,Human capital stock,0.162
2030,Government consumption,Human capital stock,0.183
2031,Government consumption,Human capital stock,0.202
2032,Government consumption,Human capital stock,0.217
2033,Government consumption,Human capital stock,0.231
2034,Government consumption,Human capital stock,0.242
2035,Government consumption,Human capital stock,0.252
2036,Government consumption,Human capital stock,0.261
2037,Government consumption,Human capital stock,0.268
2038,Government consumption,Human capital stock,0.274
2039,Government consumption,Human capital stock,0.279
2040,Government consumption,Human capital stock,0.283
2041,Government consumption,Human capital stock,0.287
2042,Government consumption,Human capital stock,0.29
2043,Government consumption,Human capital stock,0.293
2044,Government consumption,Human capital stock,0.295
2045,Government consumption,Human capital stock,0.296
2046,Government consumption,Human capital stock,0.298
2047,Government consumption,Human capital stock,0.299
2048,Government consumption,Human capital stock,0.3
2049,Government consumption,Human capital stock,0.301
2050,Government consumption,Human capital stock,0.301
2026,Infrastructure investment,Total factor productivity,0.189
2027,Infrastructure investment,Total factor productivity,0.38
2028,Infrastructure investment,Total factor productivity,0.549
2029,Infrastructure investment,Total factor productivity,0.699
2030,Infrastructure investment,Total factor productivity,0.835
2031,Infrastructure investment,Total factor productivity,0.957
2032,Infrastructure investment,Total factor productivity,1.069
2033,Infrastructure investment,Total factor productivity,1.171
2034,Infrastructure investment,Total factor productivity,1.265
2035,Infrastructure investment,Total factor productivity,1.352
2036,Infrastructure investment,Total factor productivity,1.432
2037,Infrastructure investment,Total factor productivity,1.506
2038,Infrastructure investment,Total factor productivity,1.575
2039,Infrastructure investment,Total factor productivity,1.639
2040,Infrastructure investment,Total factor productivity,1.698
2041,Infrastructure investment,Total factor productivity,1.752
2042,Infrastructure investment,Total factor productivity,1.803
2043,Infrastructure investment,Total factor productivity,1.85
2044,Infrastructure investment,Total factor productivity,1.893
2045,Infrastructure investment,Total factor productivity,1.933
2046,Infrastructure investment,Total factor productivity,1.97
2047,Infrastructure investment,Total factor productivity,2.005
2048,Infrastructure investment,Total factor productivity,2.036
2049,Infrastructure investment,Total factor productivity,2.066
2050,Infrastructure investment,Total factor productivity,2.093
2026,Human capital investment,Total factor productivity,-0.008
2027,Human capital investment,Total factor productivity,0.011
2028,Human capital investment,Total factor productivity,0.086
2029,Human capital investment,Total factor productivity,0.203
2030,Human capital investment,Total factor productivity,0.348
2031,Human capital investment,Total factor productivity,0.516
2032,Human capital investment,Total factor productivity,0.699
2033,Human capital investment,Total factor productivity,0.894
2034,Human capital investment,Total factor productivity,1.095
2035,Human capital investment,Total factor productivity,1.301
2036,Human capital investment,Total factor productivity,1.509
2037,Human capital investment,Total factor productivity,1.717
2038,Human capital investment,Total factor productivity,1.924
2039,Human capital investment,Total factor productivity,2.127
2040,Human capital investment,Total factor productivity,2.327
2041,Human capital investment,Total factor productivity,2.522
2042,Human capital investment,Total factor productivity,2.712
2043,Human capital investment,Total factor productivity,2.896
2044,Human capital investment,Total factor productivity,3.073
2045,Human capital investment,Total factor productivity,3.244
2046,Human capital investment,Total factor productivity,3.408
2047,Human capital investment,Total factor productivity,3.565
2048,Human capital investment,Total factor productivity,3.715
2049,Human capital investment,Total factor productivity,3.857
2050,Human capital investment,Total factor productivity,3.993
2026,R&D investment,Total factor productivity,-0.105
2027,R&D investment,Total factor productivity,0.051
2028,R&D investment,Total factor productivity,0.364
2029,R&D investment,Total factor productivity,0.704
2030,R&D investment,Total factor productivity,1.029
2031,R&D investment,Total factor productivity,1.326
2032,R&D investment,Total factor productivity,1.593
2033,R&D investment,Total factor productivity,1.833
2034,R&D investment,Total factor productivity,2.049
2035,R&D investment,Total factor productivity,2.243
2036,R&D investment,Total factor productivity,2.419
2037,R&D investment,Total factor productivity,2.578
2038,R&D investment,Total factor productivity,2.722
2039,R&D investment,Total factor productivity,2.853
2040,R&D investment,Total factor productivity,2.973
2041,R&D investment,Total factor productivity,3.081
2042,R&D investment,Total factor productivity,3.18
2043,R&D investment,Total factor productivity,3.27
2044,R&D investment,Total factor productivity,3.353
2045,R&D investment,Total factor productivity,3.428
2046,R&D investment,Total factor productivity,3.496
2047,R&D investment,Total factor productivity,3.559
2048,R&D investment,Total factor productivity,3.616
2049,R&D investment,Total factor productivity,3.668
2050,R&D investment,Total factor productivity,3.715
2026,Government consumption,Total factor productivity,0.05
2027,Government consumption,Total factor productivity,0.08
2028,Government consumption,Total factor productivity,0.11
2029,Government consumption,Total factor productivity,0.139
2030,Government consumption,Total factor productivity,0.168
2031,Government consumption,Total factor productivity,0.196
2032,Government consumption,Total factor productivity,0.223
2033,Government consumption,Total factor productivity,0.249
2034,Government consumption,Total factor productivity,0.273
2035,Government consumption,Total factor productivity,0.296
2036,Government consumption,Total factor productivity,0.318
2037,Government consumption,Total factor productivity,0.338
2038,Government consumption,Total factor productivity,0.357
2039,Government consumption,Total factor productivity,0.375
2040,Government consumption,Total factor productivity,0.392
2041,Government consumption,Total factor productivity,0.408
2042,Government consumption,Total factor productivity,0.422
2043,Government consumption,Total factor productivity,0.435
2044,Government consumption,Total factor productivity,0.448
2045,Government consumption,Total factor productivity,0.46
2046,Government consumption,Total factor productivity,0.47
2047,Government consumption,Total factor productivity,0.48
2048,Government consumption,Total factor productivity,0.49
2049,Government consumption,Total factor productivity,0.498
2050,Government consumption,Total factor productivity,0.506
2026,Infrastructure investment,Private capital stock,-0.374
2027,Infrastructure investment,Private capital stock,-0.365
2028,Infrastructure investment,Private capital stock,-0.297
2029,Infrastructure investment,Private capital stock,-0.189
2030,Infrastructure investment,Private capital stock,-0.055
2031,Infrastructure investment,Private capital stock,0.094
2032,Infrastructure investment,Private capital stock,0.25
2033,Infrastructure investment,Private capital stock,0.41
2034,Infrastructure investment,Private capital stock,0.57
2035,Infrastructure investment,Private capital stock,0.727
2036,Infrastructure investment,Private capital stock,0.879
2037,Infrastructure investment,Private capital stock,1.025
2038,Infrastructure investment,Private capital stock,1.165
2039,Infrastructure investment,Private capital stock,1.298
2040,Infrastructure investment,Private capital stock,1.425
2041,Infrastructure investment,Private capital stock,1.544
2042,Infrastructure investment,Private capital stock,1.657
2043,Infrastructure investment,Private capital stock,1.762
2044,Infrastructure investment,Private capital stock,1.862
2045,Infrastructure investment,Private capital stock,1.955
2046,Infrastructure investment,Private capital stock,2.042
2047,Infrastructure investment,Private capital stock,2.124
2048,Infrastructure investment,Private capital stock,2.2
2049,Infrastructure investment,Private capital stock,2.271
2050,Infrastructure investment,Private capital stock,2.337
2026,Human capital investment,Private capital stock,-0.204
2027,Human capital investment,Private capital stock,-0.215
2028,Human capital investment,Private capital stock,-0.285
2029,Human capital investment,Private capital stock,-0.373
2030,Human capital investment,Private capital stock,-0.454
2031,Human capital investment,Private capital stock,-0.513
2032,Human capital investment,Private capital stock,-0.541
2033,Human capital investment,Private capital stock,-0.535
2034,Human capital investment,Private capital stock,-0.496
2035,Human capital investment,Private capital stock,-0.424
2036,Human capital investment,Private capital stock,-0.321
2037,Human capital investment,Private capital stock,-0.193
2038,Human capital investment,Private capital stock,-0.041
2039,Human capital investment,Private capital stock,0.13
2040,Human capital investment,Private capital stock,0.318
2041,Human capital investment,Private capital stock,0.519
2042,Human capital investment,Private capital stock,0.729
2043,Human capital investment,Private capital stock,0.947
2044,Human capital investment,Private capital stock,1.17
2045,Human capital investment,Private capital stock,1.396
2046,Human capital investment,Private capital stock,1.622
2047,Human capital investment,Private capital stock,1.848
2048,Human capital investment,Private capital stock,2.073
2049,Human capital investment,Private capital stock,2.293
2050,Human capital investment,Private capital stock,2.51
2026,R&D investment,Private capital stock,-0.148
2027,R&D investment,Private capital stock,-0.408
2028,R&D investment,Private capital stock,-0.66
2029,R&D investment,Private capital stock,-0.794
2030,R&D investment,Private capital stock,-0.801
2031,R&D investment,Private capital stock,-0.705
2032,R&D investment,Private capital stock,-0.531
2033,R&D investment,Private capital stock,-0.306
2034,R&D investment,Private capital stock,-0.047
2035,R&D investment,Private capital stock,0.23
2036,R&D investment,Private capital stock,0.514
2037,R&D investment,Private capital stock,0.799
2038,R&D investment,Private capital stock,1.078
2039,R&D investment,Private capital stock,1.349
2040,R&D investment,Private capital stock,1.608
2041,R&D investment,Private capital stock,1.853
2042,R&D investment,Private capital stock,2.086
2043,R&D investment,Private capital stock,2.303
2044,R&D investment,Private capital stock,2.507
2045,R&D investment,Private capital stock,2.697
2046,R&D investment,Private capital stock,2.874
2047,R&D investment,Private capital stock,3.037
2048,R&D investment,Private capital stock,3.189
2049,R&D investment,Private capital stock,3.329
2050,R&D investment,Private capital stock,3.458
2026,Government consumption,Private capital stock,-0.182
2027,Government consumption,Private capital stock,-0.059
2028,Government consumption,Private capital stock,0.049
2029,Government consumption,Private capital stock,0.145
2030,Government consumption,Private capital stock,0.232
2031,Government consumption,Private capital stock,0.311
2032,Government consumption,Private capital stock,0.383
2033,Government consumption,Private capital stock,0.45
2034,Government consumption,Private capital stock,0.512
2035,Government consumption,Private capital stock,0.57
2036,Government consumption,Private capital stock,0.624
2037,Government consumption,Private capital stock,0.675
2038,Government consumption,Private capital stock,0.722
2039,Government consumption,Private capital stock,0.766
2040,Government consumption,Private capital stock,0.808
2041,Government consumption,Private capital stock,0.847
2042,Government consumption,Private capital stock,0.883
2043,Government consumption,Private capital stock,0.917
2044,Government consumption,Private capital stock,0.949
2045,Government consumption,Private capital stock,0.979
2046,Government consumption,Private capital stock,1.006
2047,Government consumption,Private capital stock,1.032
2048,Government consumption,Private capital stock,1.057
2049,Government consumption,Private capital stock,1.079
2050,Government consumption,Private capital stock,1.1
2026,Infrastructure investment,Inflation,-1.307
2027,Infrastructure investment,Inflation,-1.661
2028,Infrastructure investment,Inflation,-1.989
2029,Infrastructure investment,Inflation,-2.294
2030,Infrastructure investment,Inflation,-2.577
2031,Infrastructure investment,Inflation,-2.841
2032,Infrastructure investment,Inflation,-3.087
2033,Infrastructure investment,Inflation,-3.316
2034,Infrastructure investment,Inflation,-3.528
2035,Infrastructure investment,Inflation,-3.726
2036,Infrastructure investment,Inflation,-3.91
2037,Infrastructure investment,Inflation,-4.081
2038,Infrastructure investment,Inflation,-4.24
2039,Infrastructure investment,Inflation,-4.387
2040,Infrastructure investment,Inflation,-4.524
2041,Infrastructure investment,Inflation,-4.651
2042,Infrastructure investment,Inflation,-4.769
2043,Infrastructure investment,Inflation,-4.878
2044,Infrastructure investment,Inflation,-4.979
2045,Infrastructure investment,Inflation,-5.073
2046,Infrastructure investment,Inflation,-5.159
2047,Infrastructure investment,Inflation,-5.239
2048,Infrastructure investment,Inflation,-5.313
2049,Infrastructure investment,Inflation,-5.382
2050,Infrastructure investment,Inflation,-5.445
2026,Human capital investment,Inflation,-0.904
2027,Human capital investment,Inflation,-0.821
2028,Human capital investment,Inflation,-0.854
2029,Human capital investment,Inflation,-0.982
2030,Human capital investment,Inflation,-1.185
2031,Human capital investment,Inflation,-1.448
2032,Human capital investment,Inflation,-1.758
2033,Human capital investment,Inflation,-2.102
2034,Human capital investment,Inflation,-2.472
2035,Human capital investment,Inflation,-2.86
2036,Human capital investment,Inflation,-3.259
2037,Human capital investment,Inflation,-3.665
2038,Human capital investment,Inflation,-4.073
2039,Human capital investment,Inflation,-4.479
2040,Human capital investment,Inflation,-4.88
2041,Human capital investment,Inflation,-5.274
2042,Human capital investment,Inflation,-5.659
2043,Human capital investment,Inflation,-6.033
2044,Human capital investment,Inflation,-6.396
2045,Human capital investment,Inflation,-6.746
2046,Human capital investment,Inflation,-7.082
2047,Human capital investment,Inflation,-7.405
2048,Human capital investment,Inflation,-7.714
2049,Human capital investment,Inflation,-8.008
2050,Human capital investment,Inflation,-8.288
2026,R&D investment,Inflation,-0.822
2027,R&D investment,Inflation,-1.22
2028,R&D investment,Inflation,-1.745
2029,R&D investment,Inflation,-2.298
2030,R&D investment,Inflation,-2.84
2031,R&D investment,Inflation,-3.356
2032,R&D investment,Inflation,-3.84
2033,R&D investment,Inflation,-4.292
2034,R&D investment,Inflation,-4.712
2035,R&D investment,Inflation,-5.1
2036,R&D investment,Inflation,-5.46
2037,R&D investment,Inflation,-5.791
2038,R&D investment,Inflation,-6.097
2039,R&D investment,Inflation,-6.378
2040,R&D investment,Inflation,-6.636
2041,R&D investment,Inflation,-6.874
2042,R&D investment,Inflation,-7.092
2043,R&D investment,Inflation,-7.292
2044,R&D investment,Inflation,-7.475
2045,R&D investment,Inflation,-7.643
2046,R&D investment,Inflation,-7.796
2047,R&D investment,Inflation,-7.937
2048,R&D investment,Inflation,-8.065
2049,R&D investment,Inflation,-8.183
2050,R&D investment,Inflation,-8.29
2026,Government consumption,Inflation,-1.184
2027,Government consumption,Inflation,-1.29
2028,Government consumption,Inflation,-1.388
2029,Government consumption,Inflation,-1.479
2030,Government consumption,Inflation,-1.565
2031,Government consumption,Inflation,-1.646
2032,Government consumption,Inflation,-1.721
2033,Government consumption,Inflation,-1.792
2034,Government consumption,Inflation,-1.858
2035,Government consumption,Inflation,-1.919
2036,Government consumption,Inflation,-1.977
2037,Government consumption,Inflation,-2.03
2038,Government consumption,Inflation,-2.08
2039,Government consumption,Inflation,-2.127
2040,Government consumption,Inflation,-2.17
2041,Government consumption,Inflation,-2.21
2042,Government consumption,Inflation,-2.248
2043,Government consumption,Inflation,-2.283
2044,Government consumption,Inflation,-2.315
2045,Government consumption,Inflation,-2.345
2046,Government consumption,Inflation,-2.372
2047,Government consumption,Inflation,-2.398
2048,Government consumption,Inflation,-2.422
2049,Government consumption,Inflation,-2.444
2050,Government consumption,Inflation,-2.464
2026,Infrastructure investment,Policy rate,-1.276
2027,Infrastructure investment,Policy rate,-1.603
2028,Infrastructure investment,Policy rate,-1.914
2029,Infrastructure investment,Policy rate,-2.209
2030,Infrastructure investment,Policy rate,-2.488
2031,Infrastructure investment,Policy rate,-2.751
2032,Infrastructure investment,Policy rate,-2.998
2033,Infrastructure investment,Policy rate,-3.23
2034,Infrastructure investment,Policy rate,-3.446
2035,Infrastructure investment,Policy rate,-3.649
2036,Infrastructure investment,Policy rate,-3.838
2037,Infrastructure investment,Policy rate,-4.015
2038,Infrastructure investment,Policy rate,-4.179
2039,Infrastructure investment,Policy rate,-4.332
2040,Infrastructure investment,Policy rate,-4.474
2041,Infrastructure investment,Policy rate,-4.606
2042,Infrastructure investment,Policy rate,-4.729
2043,Infrastructure investment,Policy rate,-4.843
2044,Infrastructure investment,Policy rate,-4.948
2045,Infrastructure investment,Policy rate,-5.046
2046,Infrastructure investment,Policy rate,-5.137
2047,Infrastructure investment,Policy rate,-5.221
2048,Infrastructure investment,Policy rate,-5.299
2049,Infrastructure investment,Policy rate,-5.371
2050,Infrastructure investment,Policy rate,-5.437
2026,Human capital investment,Policy rate,-0.782
2027,Human capital investment,Policy rate,-0.736
2028,Human capital investment,Policy rate,-0.785
2029,Human capital investment,Policy rate,-0.916
2030,Human capital investment,Policy rate,-1.115
2031,Human capital investment,Policy rate,-1.369
2032,Human capital investment,Policy rate,-1.667
2033,Human capital investment,Policy rate,-2.0
2034,Human capital investment,Policy rate,-2.36
2035,Human capital investment,Policy rate,-2.739
2036,Human capital investment,Policy rate,-3.131
2037,Human capital investment,Policy rate,-3.531
2038,Human capital investment,Policy rate,-3.935
2039,Human capital investment,Policy rate,-4.338
2040,Human capital investment,Policy rate,-4.739
2041,Human capital investment,Policy rate,-5.134
2042,Human capital investment,Policy rate,-5.521
2043,Human capital investment,Policy rate,-5.898
2044,Human capital investment,Policy rate,-6.264
2045,Human capital investment,Policy rate,-6.619
2046,Human capital investment,Policy rate,-6.961
2047,Human capital investment,Policy rate,-7.29
2048,Human capital investment,Policy rate,-7.605
2049,Human capital investment,Policy rate,-7.906
2050,Human capital investment,Policy rate,-8.193
2026,R&D investment,Policy rate,-0.834
2027,R&D investment,Policy rate,-1.225
2028,R&D investment,Policy rate,-1.7
2029,R&D investment,Policy rate,-2.203
2030,R&D investment,Policy rate,-2.706
2031,R&D investment,Policy rate,-3.196
2032,R&D investment,Policy rate,-3.665
2033,R&D investment,Policy rate,-4.111
2034,R&D investment,Policy rate,-4.532
2035,R&D investment,Policy rate,-4.926
2036,R&D investment,Policy rate,-5.293
2037,R&D investment,Policy rate,-5.635
2038,R&D investment,Policy rate,-5.952
2039,R&D investment,Policy rate,-6.245
2040,R&D investment,Policy rate,-6.515
2041,R&D investment,Policy rate,-6.765
2042,R&D investment,Policy rate,-6.994
2043,R&D investment,Policy rate,-7.205
2044,R&D investment,Policy rate,-7.399
2045,R&D investment,Policy rate,-7.576
2046,R&D investment,Policy rate,-7.739
2047,R&D investment,Policy rate,-7.888
2048,R&D investment,Policy rate,-8.025
2049,R&D investment,Policy rate,-8.15
2050,R&D investment,Policy rate,-8.264
2026,Government consumption,Policy rate,-1.117
2027,Government consumption,Policy rate,-1.23
2028,Government consumption,Policy rate,-1.335
2029,Government consumption,Policy rate,-1.432
2030,Government consumption,Policy rate,-1.523
2031,Government consumption,Policy rate,-1.608
2032,Government consumption,Policy rate,-1.687
2033,Government consumption,Policy rate,-1.761
2034,Government consumption,Policy rate,-1.83
2035,Government consumption,Policy rate,-1.894
2036,Government consumption,Policy rate,-1.954
2037,Government consumption,Policy rate,-2.01
2038,Government consumption,Policy rate,-2.063
2039,Government consumption,Policy rate,-2.111
2040,Government consumption,Policy rate,-2.157
2041,Government consumption,Policy rate,-2.199
2042,Government consumption,Policy rate,-2.238
2043,Government consumption,Policy rate,-2.274
2044,Government consumption,Policy rate,-2.308
2045,Government consumption,Policy rate,-2.339
2046,Government consumption,Policy rate,-2.369
2047,Government consumption,Policy rate,-2.396
2048,Government consumption,Policy rate,-2.421
2049,Government consumption,Policy rate,-2.444
2050,Government consumption,Policy rate,-2.465
2026,Infrastructure investment,Nominal bond rate,-1.276
2027,Infrastructure investment,Nominal bond rate,-1.603
2028,Infrastructure investment,Nominal bond rate,-1.914
2029,Infrastructure investment,Nominal bond rate,-2.209
2030,Infrastructure investment,Nominal bond rate,-2.488
2031,Infrastructure investment,Nominal bond rate,-2.751
2032,Infrastructure investment,Nominal bond rate,-2.998
2033,Infrastructure investment,Nominal bond rate,-3.23
2034,Infrastructure investment,Nominal bond rate,-3.446
2035,Infrastructure investment,Nominal bond rate,-3.649
2036,Infrastructure investment,Nominal bond rate,-3.838
2037,Infrastructure investment,Nominal bond rate,-4.015
2038,Infrastructure investment,Nominal bond rate,-4.179
2039,Infrastructure investment,Nominal bond rate,-4.332
2040,Infrastructure investment,Nominal bond rate,-4.474
2041,Infrastructure investment,Nominal bond rate,-4.606
2042,Infrastructure investment,Nominal bond rate,-4.729
2043,Infrastructure investment,Nominal bond rate,-4.843
2044,Infrastructure investment,Nominal bond rate,-4.948
2045,Infrastructure investment,Nominal bond rate,-5.046
2046,Infrastructure investment,Nominal bond rate,-5.137
2047,Infrastructure investment,Nominal bond rate,-5.221
2048,Infrastructure investment,Nominal bond rate,-5.299
2049,Infrastructure investment,Nominal bond rate,-5.371
2050,Infrastructure investment,Nominal bond rate,-5.437
2026,Human capital investment,Nominal bond rate,-0.782
2027,Human capital investment,Nominal bond rate,-0.736
2028,Human capital investment,Nominal bond rate,-0.785
2029,Human capital investment,Nominal bond rate,-0.916
2030,Human capital investment,Nominal bond rate,-1.115
2031,Human capital investment,Nominal bond rate,-1.369
2032,Human capital investment,Nominal bond rate,-1.667
2033,Human capital investment,Nominal bond rate,-2.0
2034,Human capital investment,Nominal bond rate,-2.36
2035,Human capital investment,Nominal bond rate,-2.739
2036,Human capital investment,Nominal bond rate,-3.131
2037,Human capital investment,Nominal bond rate,-3.531
2038,Human capital investment,Nominal bond rate,-3.935
2039,Human capital investment,Nominal bond rate,-4.338
2040,Human capital investment,Nominal bond rate,-4.739
2041,Human capital investment,Nominal bond rate,-5.134
2042,Human capital investment,Nominal bond rate,-5.521
2043,Human capital investment,Nominal bond rate,-5.898
2044,Human capital investment,Nominal bond rate,-6.264
2045,Human capital investment,Nominal bond rate,-6.619
2046,Human capital investment,Nominal bond rate,-6.961
2047,Human capital investment,Nominal bond rate,-7.29
2048,Human capital investment,Nominal bond rate,-7.605
2049,Human capital investment,Nominal bond rate,-7.906
2050,Human capital investment,Nominal bond rate,-8.193
2026,R&D investment,Nominal bond rate,-0.834
2027,R&D investment,Nominal bond rate,-1.225
2028,R&D investment,Nominal bond rate,-1.7
2029,R&D investment,Nominal bond rate,-2.203
2030,R&D investment,Nominal bond rate,-2.706
2031,R&D investment,Nominal bond rate,-3.196
2032,R&D investment,Nominal bond rate,-3.665
2033,R&D investment,Nominal bond rate,-4.111
2034,R&D investment,Nominal bond rate,-4.532
2035,R&D investment,Nominal bond rate,-4.926
2036,R&D investment,Nominal bond rate,-5.293
2037,R&D investment,Nominal bond rate,-5.635
2038,R&D investment,Nominal bond rate,-5.952
2039,R&D investment,Nominal bond rate,-6.245
2040,R&D investment,Nominal bond rate,-6.515
2041,R&D investment,Nominal bond rate,-6.765
2042,R&D investment,Nominal bond rate,-6.994
2043,R&D investment,Nominal bond rate,-7.205
2044,R&D investment,Nominal bond rate,-7.399
2045,R&D investment,Nominal bond rate,-7.576
2046,R&D investment,Nominal bond rate,-7.739
2047,R&D investment,Nominal bond rate,-7.888
2048,R&D investment,Nominal bond rate,-8.025
2049,R&D investment,Nominal bond rate,-8.15
2050,R&D investment,Nominal bond rate,-8.264
2026,Government consumption,Nominal bond rate,-1.117
2027,Government consumption,Nominal bond rate,-1.23
2028,Government consumption,Nominal bond rate,-1.335
2029,Government consumption,Nominal bond rate,-1.432
2030,Government consumption,Nominal bond rate,-1.523
2031,Government consumption,Nominal bond rate,-1.608
2032,Government consumption,Nominal bond rate,-1.687
2033,Government consumption,Nominal bond rate,-1.761
2034,Government consumption,Nominal bond rate,-1.83
2035,Government consumption,Nominal bond rate,-1.894
2036,Government consumption,Nominal bond rate,-1.954
2037,Government consumption,Nominal bond rate,-2.01
2038,Government consumption,Nominal bond rate,-2.063
2039,Government consumption,Nominal bond rate,-2.111
2040,Government consumption,Nominal bond rate,-2.157
2041,Government consumption,Nominal bond rate,-2.199
2042,Government consumption,Nominal bond rate,-2.238
2043,Government consumption,Nominal bond rate,-2.274
2044,Government consumption,Nominal bond rate,-2.308
2045,Government consumption,Nominal bond rate,-2.339
2046,Government consumption,Nominal bond rate,-2.369
2047,Government consumption,Nominal bond rate,-2.396
2048,Government consumption,Nominal bond rate,-2.421
2049,Government consumption,Nominal bond rate,-2.444
2050,Government consumption,Nominal bond rate,-2.465
2026,Infrastructure investment,Real interest rate,0.038
2027,Infrastructure investment,Real interest rate,0.067
2028,Infrastructure investment,Real interest rate,0.086
2029,Infrastructure investment,Real interest rate,0.098
2030,Infrastructure investment,Real interest rate,0.104
2031,Infrastructure investment,Real interest rate,0.107
2032,Infrastructure investment,Real interest rate,0.107
2033,Infrastructure investment,Real interest rate,0.105
2034,Infrastructure investment,Real interest rate,0.102
2035,Infrastructure investment,Real interest rate,0.099
2036,Infrastructure investment,Real interest rate,0.094
2037,Infrastructure investment,Real interest rate,0.09
2038,Infrastructure investment,Real interest rate,0.085
2039,Infrastructure investment,Real interest rate,0.081
2040,Infrastructure investment,Real interest rate,0.076
2041,Infrastructure investment,Real interest rate,0.071
2042,Infrastructure investment,Real interest rate,0.067
2043,Infrastructure investment,Real interest rate,0.063
2044,Infrastructure investment,Real interest rate,0.059
2045,Infrastructure investment,Real interest rate,0.055
2046,Infrastructure investment,Real interest rate,0.051
2047,Infrastructure investment,Real interest rate,0.048
2048,Infrastructure investment,Real interest rate,0.044
2049,Infrastructure investment,Real interest rate,0.041
2050,Infrastructure investment,Real interest rate,0.038
2026,Human capital investment,Real interest rate,0.128
2027,Human capital investment,Real interest rate,0.091
2028,Human capital investment,Real interest rate,0.074
2029,Human capital investment,Real interest rate,0.071
2030,Human capital investment,Real interest rate,0.077
2031,Human capital investment,Real interest rate,0.088
2032,Human capital investment,Real interest rate,0.101
2033,Human capital investment,Real interest rate,0.114
2034,Human capital investment,Real interest rate,0.127
2035,Human capital investment,Real interest rate,0.138
2036,Human capital investment,Real interest rate,0.148
2037,Human capital investment,Real interest rate,0.156
2038,Human capital investment,Real interest rate,0.162
2039,Human capital investment,Real interest rate,0.167
2040,Human capital investment,Real interest rate,0.17
2041,Human capital investment,Real interest rate,0.171
2042,Human capital investment,Real interest rate,0.172
2043,Human capital investment,Real interest rate,0.171
2044,Human capital investment,Real interest rate,0.169
2045,Human capital investment,Real interest rate,0.166
2046,Human capital investment,Real interest rate,0.163
2047,Human capital investment,Real interest rate,0.159
2048,Human capital investment,Real interest rate,0.154
2049,Human capital investment,Real interest rate,0.149
2050,Human capital investment,Real interest rate,0.144
2026,R&D investment,Real interest rate,-0.007
2027,R&D investment,Real interest rate,0.002
2028,R&D investment,Real interest rate,0.054
2029,R&D investment,Real interest rate,0.109
2030,R&D investment,Real interest rate,0.151
2031,R&D investment,Real interest rate,0.18
2032,R&D investment,Real interest rate,0.198
2033,R&D investment,Real interest rate,0.206
2034,R&D investment,Real interest rate,0.208
2035,R&D investment,Real interest rate,0.205
2036,R&D investment,Real interest rate,0.199
2037,R&D investment,Real interest rate,0.191
2038,R&D investment,Real interest rate,0.181
2039,R&D investment,Real interest rate,0.171
2040,R&D investment,Real interest rate,0.16
2041,R&D investment,Real interest rate,0.15
2042,R&D investment,Real interest rate,0.139
2043,R&D investment,Real interest rate,0.129
2044,R&D investment,Real interest rate,0.12
2045,R&D investment,Real interest rate,0.111
2046,R&D investment,Real interest rate,0.102
2047,R&D investment,Real interest rate,0.094
2048,R&D investment,Real interest rate,0.086
2049,R&D investment,Real interest rate,0.079
2050,R&D investment,Real interest rate,0.073
2026,Government consumption,Real interest rate,0.074
2027,Government consumption,Real interest rate,0.067
2028,Government consumption,Real interest rate,0.061
2029,Government consumption,Real interest rate,0.056
2030,Government consumption,Real interest rate,0.051
2031,Government consumption,Real interest rate,0.047
2032,Government consumption,Real interest rate,0.044
2033,Government consumption,Real interest rate,0.041
2034,Government consumption,Real interest rate,0.038
2035,Government consumption,Real interest rate,0.036
2036,Government consumption,Real interest rate,0.034
2037,Government consumption,Real interest rate,0.031
2038,Government consumption,Real interest rate,0.029
2039,Government consumption,Real interest rate,0.028
2040,Government consumption,Real interest rate,0.026
2041,Government consumption,Real interest rate,0.024
2042,Government consumption,Real interest rate,0.023
2043,Government consumption,Real interest rate,0.021
2044,Government consumption,Real interest rate,0.02
2045,Government consumption,Real interest rate,0.018
2046,Government consumption,Real interest rate,0.017
2047,Government consumption,Real interest rate,0.016
2048,Government consumption,Real interest rate,0.015
2049,Government consumption,Real interest rate,0.014
2050,Government consumption,Real interest rate,0.013
2026,Infrastructure investment,Primary deficit,1.272
2027,Infrastructure investment,Primary deficit,0.14
2028,Infrastructure investment,Primary deficit,0.029
2029,Infrastructure investment,Primary deficit,-0.005
2030,Infrastructure investment,Primary deficit,-0.026
2031,Infrastructure investment,Primary deficit,-0.041
2032,Infrastructure investment,Primary deficit,-0.05
2033,Infrastructure investment,Primary deficit,-0.057
2034,Infrastructure investment,Primary deficit,-0.061
2035,Infrastructure investment,Primary deficit,-0.063
2036,Infrastructure investment,Primary deficit,-0.064
2037,Infrastructure investment,Primary deficit,-0.064
2038,Infrastructure investment,Primary deficit,-0.063
2039,Infrastructure investment,Primary deficit,-0.062
2040,Infrastructure investment,Primary deficit,-0.061
2041,Infrastructure investment,Primary deficit,-0.059
2042,Infrastructure investment,Primary deficit,-0.057
2043,Infrastructure investment,Primary deficit,-0.056
2044,Infrastructure investment,Primary deficit,-0.054
2045,Infrastructure investment,Primary deficit,-0.052
2046,Infrastructure investment,Primary deficit,-0.05
2047,Infrastructure investment,Primary deficit,-0.049
2048,Infrastructure investment,Primary deficit,-0.047
2049,Infrastructure investment,Primary deficit,-0.046
2050,Infrastructure investment,Primary deficit,-0.044
2026,Human capital investment,Primary deficit,1.246
2027,Human capital investment,Primary deficit,-0.148
2028,Human capital investment,Primary deficit,-0.159
2029,Human capital investment,Primary deficit,-0.107
2030,Human capital investment,Primary deficit,-0.072
2031,Human capital investment,Primary deficit,-0.053
2032,Human capital investment,Primary deficit,-0.044
2033,Human capital investment,Primary deficit,-0.043
2034,Human capital investment,Primary deficit,-0.045
2035,Human capital investment,Primary deficit,-0.049
2036,Human capital investment,Primary deficit,-0.055
2037,Human capital investment,Primary deficit,-0.061
2038,Human capital investment,Primary deficit,-0.067
2039,Human capital investment,Primary deficit,-0.072
2040,Human capital investment,Primary deficit,-0.078
2041,Human capital investment,Primary deficit,-0.082
2042,Human capital investment,Primary deficit,-0.086
2043,Human capital investment,Primary deficit,-0.089
2044,Human capital investment,Primary deficit,-0.092
2045,Human capital investment,Primary deficit,-0.094
2046,Human capital investment,Primary deficit,-0.095
2047,Human capital investment,Primary deficit,-0.096
2048,Human capital investment,Primary deficit,-0.097
2049,Human capital investment,Primary deficit,-0.097
2050,Human capital investment,Primary deficit,-0.097
2026,R&D investment,Primary deficit,0.758
2027,R&D investment,Primary deficit,0.055
2028,R&D investment,Primary deficit,0.108
2029,R&D investment,Primary deficit,0.094
2030,R&D investment,Primary deficit,0.045
2031,R&D investment,Primary deficit,-0.006
2032,R&D investment,Primary deficit,-0.048
2033,R&D investment,Primary deficit,-0.079
2034,R&D investment,Primary deficit,-0.101
2035,R&D investment,Primary deficit,-0.114
2036,R&D investment,Primary deficit,-0.122
2037,R&D investment,Primary deficit,-0.126
2038,R&D investment,Primary deficit,-0.127
2039,R&D investment,Primary deficit,-0.125
2040,R&D investment,Primary deficit,-0.123
2041,R&D investment,Primary deficit,-0.119
2042,R&D investment,Primary deficit,-0.115
2043,R&D investment,Primary deficit,-0.11
2044,R&D investment,Primary deficit,-0.105
2045,R&D investment,Primary deficit,-0.101
2046,R&D investment,Primary deficit,-0.096
2047,R&D investment,Primary deficit,-0.091
2048,R&D investment,Primary deficit,-0.087
2049,R&D investment,Primary deficit,-0.083
2050,R&D investment,Primary deficit,-0.079
2026,Government consumption,Primary deficit,1.355
2027,Government consumption,Primary deficit,0.033
2028,Government consumption,Primary deficit,-0.049
2029,Government consumption,Primary deficit,-0.049
2030,Government consumption,Primary deficit,-0.045
2031,Government consumption,Primary deficit,-0.042
2032,Government consumption,Primary deficit,-0.039
2033,Government consumption,Primary deficit,-0.037
2034,Government consumption,Primary deficit,-0.035
2035,Government consumption,Primary deficit,-0.033
2036,Government consumption,Primary deficit,-0.032
2037,Government consumption,Primary deficit,-0.03
2038,Government consumption,Primary deficit,-0.029
2039,Government consumption,Primary deficit,-0.028
2040,Government consumption,Primary deficit,-0.027
2041,Government consumption,Primary deficit,-0.026
2042,Government consumption,Primary deficit,-0.025
2043,Government consumption,Primary deficit,-0.024
2044,Government consumption,Primary deficit,-0.023
2045,Government consumption,Primary deficit,-0.023
2046,Government consumption,Primary deficit,-0.022
2047,Government consumption,Primary deficit,-0.021
2048,Government consumption,Primary deficit,-0.021
2049,Government consumption,Primary deficit,-0.02
2050,Government consumption,Primary deficit,-0.019
2026,Infrastructure investment,Transfers,0.295
2027,Infrastructure investment,Transfers,-0.799
2028,Infrastructure investment,Transfers,-0.873
2029,Infrastructure investment,Transfers,-0.871
2030,Infrastructure investment,Transfers,-0.858
2031,Infrastructure investment,Transfers,-0.839
2032,Infrastructure investment,Transfers,-0.818
2033,Infrastructure investment,Transfers,-0.794
2034,Infrastructure investment,Transfers,-0.77
2035,Infrastructure investment,Transfers,-0.746
2036,Infrastructure investment,Transfers,-0.722
2037,Infrastructure investment,Transfers,-0.699
2038,Infrastructure investment,Transfers,-0.677
2039,Infrastructure investment,Transfers,-0.655
2040,Infrastructure investment,Transfers,-0.635
2041,Infrastructure investment,Transfers,-0.616
2042,Infrastructure investment,Transfers,-0.598
2043,Infrastructure investment,Transfers,-0.581
2044,Infrastructure investment,Transfers,-0.565
2045,Infrastructure investment,Transfers,-0.549
2046,Infrastructure investment,Transfers,-0.535
2047,Infrastructure investment,Transfers,-0.522
2048,Infrastructure investment,Transfers,-0.51
2049,Infrastructure investment,Transfers,-0.499
2050,Infrastructure investment,Transfers,-0.488
2026,Human capital investment,Transfers,0.255
2027,Human capital investment,Transfers,-1.142
2028,Human capital investment,Transfers,-1.147
2029,Human capital investment,Transfers,-1.079
2030,Human capital investment,Transfers,-1.022
2031,Human capital investment,Transfers,-0.974
2032,Human capital investment,Transfers,-0.931
2033,Human capital investment,Transfers,-0.89
2034,Human capital investment,Transfers,-0.849
2035,Human capital investment,Transfers,-0.808
2036,Human capital investment,Transfers,-0.766
2037,Human capital investment,Transfers,-0.723
2038,Human capital investment,Transfers,-0.679
2039,Human capital investment,Transfers,-0.634
2040,Human capital investment,Transfers,-0.589
2041,Human capital investment,Transfers,-0.543
2042,Human capital investment,Transfers,-0.497
2043,Human capital investment,Transfers,-0.451
2044,Human capital investment,Transfers,-0.406
2045,Human capital investment,Transfers,-0.361
2046,Human capital investment,Transfers,-0.317
2047,Human capital investment,Transfers,-0.274
2048,Human capital investment,Transfers,-0.232
2049,Human capital investment,Transfers,-0.192
2050,Human capital investment,Transfers,-0.152
2026,R&D investment,Transfers,-0.255
2027,R&D investment,Transfers,-0.93
2028,R&D investment,Transfers,-0.828
2029,R&D investment,Transfers,-0.784
2030,R&D investment,Transfers,-0.771
2031,R&D investment,Transfers,-0.76
2032,R&D investment,Transfers,-0.74
2033,R&D investment,Transfers,-0.713
2034,R&D investment,Transfers,-0.678
2035,R&D investment,Transfers,-0.638
2036,R&D investment,Transfers,-0.596
2037,R&D investment,Transfers,-0.552
2038,R&D investment,Transfers,-0.509
2039,R&D investment,Transfers,-0.467
2040,R&D investment,Transfers,-0.426
2041,R&D investment,Transfers,-0.387
2042,R&D investment,Transfers,-0.35
2043,R&D investment,Transfers,-0.316
2044,R&D investment,Transfers,-0.283
2045,R&D investment,Transfers,-0.253
2046,R&D investment,Transfers,-0.225
2047,R&D investment,Transfers,-0.199
2048,R&D investment,Transfers,-0.175
2049,R&D investment,Transfers,-0.153
2050,R&D investment,Transfers,-0.132
2026,Government consumption,Transfers,0.329
2027,Government consumption,Transfers,-0.978
2028,Government consumption,Transfers,-1.047
2029,Government consumption,Transfers,-1.034
2030,Government consumption,Transfers,-1.019
2031,Government consumption,Transfers,-1.004
2032,Government consumption,Transfers,-0.991
2033,Government consumption,Transfers,-0.979
2034,Government consumption,Transfers,-0.968
2035,Government consumption,Transfers,-0.958
2036,Government consumption,Transfers,-0.949
2037,Government consumption,Transfers,-0.94
2038,Government consumption,Transfers,-0.932
2039,Government consumption,Transfers,-0.925
2040,Government consumption,Transfers,-0.918
2041,Government consumption,Transfers,-0.911
2042,Government consumption,Transfers,-0.905
2043,Government consumption,Transfers,-0.9
2044,Government consumption,Transfers,-0.894
2045,Government consumption,Transfers,-0.889
2046,Government consumption,Transfers,-0.885
2047,Government consumption,Transfers,-0.88
2048,Government consumption,Transfers,-0.876
2049,Government consumption,Transfers,-0.873
2050,Government consumption,Transfers,-0.869
2026,Infrastructure investment,Debt service,-1.27
2027,Infrastructure investment,Debt service,-1.596
2028,Infrastructure investment,Debt service,-1.91
2029,Infrastructure investment,Debt service,-2.21
2030,Infrastructure investment,Debt service,-2.493
2031,Infrastructure investment,Debt service,-2.761
2032,Infrastructure investment,Debt service,-3.014
2033,Infrastructure investment,Debt service,-3.252
2034,Infrastructure investment,Debt service,-3.474
2035,Infrastructure investment,Debt service,-3.683
2036,Infrastructure investment,Debt service,-3.878
2037,Infrastructure investment,Debt service,-4.061
2038,Infrastructure investment,Debt service,-4.231
2039,Infrastructure investment,Debt service,-4.389
2040,Infrastructure investment,Debt service,-4.537
2041,Infrastructure investment,Debt service,-4.675
2042,Infrastructure investment,Debt service,-4.802
2043,Infrastructure investment,Debt service,-4.921
2044,Infrastructure investment,Debt service,-5.031
2045,Infrastructure investment,Debt service,-5.134
2046,Infrastructure investment,Debt service,-5.228
2047,Infrastructure investment,Debt service,-5.316
2048,Infrastructure investment,Debt service,-5.398
2049,Infrastructure investment,Debt service,-5.473
2050,Infrastructure investment,Debt service,-5.543
2026,Human capital investment,Debt service,-0.769
2027,Human capital investment,Debt service,-0.719
2028,Human capital investment,Debt service,-0.771
2029,Human capital investment,Debt service,-0.903
2030,Human capital investment,Debt service,-1.103
2031,Human capital investment,Debt service,-1.359
2032,Human capital investment,Debt service,-1.66
2033,Human capital investment,Debt service,-1.997
2034,Human capital investment,Debt service,-2.362
2035,Human capital investment,Debt service,-2.748
2036,Human capital investment,Debt service,-3.15
2037,Human capital investment,Debt service,-3.561
2038,Human capital investment,Debt service,-3.977
2039,Human capital investment,Debt service,-4.396
2040,Human capital investment,Debt service,-4.812
2041,Human capital investment,Debt service,-5.225
2042,Human capital investment,Debt service,-5.631
2043,Human capital investment,Debt service,-6.028
2044,Human capital investment,Debt service,-6.416
2045,Human capital investment,Debt service,-6.793
2046,Human capital investment,Debt service,-7.157
2047,Human capital investment,Debt service,-7.508
2048,Human capital investment,Debt service,-7.846
2049,Human capital investment,Debt service,-8.17
2050,Human capital investment,Debt service,-8.48
2026,R&D investment,Debt service,-0.826
2027,R&D investment,Debt service,-1.217
2028,R&D investment,Debt service,-1.695
2029,R&D investment,Debt service,-2.203
2030,R&D investment,Debt service,-2.714
2031,R&D investment,Debt service,-3.216
2032,R&D investment,Debt service,-3.7
2033,R&D investment,Debt service,-4.162
2034,R&D investment,Debt service,-4.599
2035,R&D investment,Debt service,-5.01
2036,R&D investment,Debt service,-5.395
2037,R&D investment,Debt service,-5.754
2038,R&D investment,Debt service,-6.089
2039,R&D investment,Debt service,-6.399
2040,R&D investment,Debt service,-6.685
2041,R&D investment,Debt service,-6.95
2042,R&D investment,Debt service,-7.195
2043,R&D investment,Debt service,-7.42
2044,R&D investment,Debt service,-7.627
2045,R&D investment,Debt service,-7.817
2046,R&D investment,Debt service,-7.992
2047,R&D investment,Debt service,-8.152
2048,R&D investment,Debt service,-8.299
2049,R&D investment,Debt service,-8.434
2050,R&D investment,Debt service,-8.557
2026,Government consumption,Debt service,-1.108
2027,Government consumption,Debt service,-1.219
2028,Government consumption,Debt service,-1.324
2029,Government consumption,Debt service,-1.422
2030,Government consumption,Debt service,-1.514
2031,Government consumption,Debt service,-1.6
2032,Government consumption,Debt service,-1.68
2033,Government consumption,Debt service,-1.754
2034,Government consumption,Debt service,-1.824
2035,Government consumption,Debt service,-1.89
2036,Government consumption,Debt service,-1.951
2037,Government consumption,Debt service,-2.007
2038,Government consumption,Debt service,-2.06
2039,Government consumption,Debt service,-2.11
2040,Government consumption,Debt service,-2.156
2041,Government consumption,Debt service,-2.199
2042,Government consumption,Debt service,-2.238
2043,Government consumption,Debt service,-2.275
2044,Government consumption,Debt service,-2.31
2045,Government consumption,Debt service,-2.342
2046,Government consumption,Debt service,-2.371
2047,Government consumption,Debt service,-2.399
2048,Government consumption,Debt service,-2.424
2049,Government consumption,Debt service,-2.448
2050,Government consumption,Debt service,-2.47
2026,Infrastructure investment,Debt-to-GDP ratio,2.62
2027,Infrastructure investment,Debt-to-GDP ratio,4.635
2028,Infrastructure investment,Debt-to-GDP ratio,5.526
2029,Infrastructure investment,Debt-to-GDP ratio,6.262
2030,Infrastructure investment,Debt-to-GDP ratio,6.921
2031,Infrastructure investment,Debt-to-GDP ratio,7.518
2032,Infrastructure investment,Debt-to-GDP ratio,8.063
2033,Infrastructure investment,Debt-to-GDP ratio,8.562
2034,Infrastructure investment,Debt-to-GDP ratio,9.02
2035,Infrastructure investment,Debt-to-GDP ratio,9.443
2036,Infrastructure investment,Debt-to-GDP ratio,9.833
2037,Infrastructure investment,Debt-to-GDP ratio,10.194
2038,Infrastructure investment,Debt-to-GDP ratio,10.528
2039,Infrastructure investment,Debt-to-GDP ratio,10.838
2040,Infrastructure investment,Debt-to-GDP ratio,11.124
2041,Infrastructure investment,Debt-to-GDP ratio,11.389
2042,Infrastructure investment,Debt-to-GDP ratio,11.635
2043,Infrastructure investment,Debt-to-GDP ratio,11.862
2044,Infrastructure investment,Debt-to-GDP ratio,12.073
2045,Infrastructure investment,Debt-to-GDP ratio,12.268
2046,Infrastructure investment,Debt-to-GDP ratio,12.448
2047,Infrastructure investment,Debt-to-GDP ratio,12.614
2048,Infrastructure investment,Debt-to-GDP ratio,12.768
2049,Infrastructure investment,Debt-to-GDP ratio,12.91
2050,Infrastructure investment,Debt-to-GDP ratio,13.042
2026,Human capital investment,Debt-to-GDP ratio,3.626
2027,Human capital investment,Debt-to-GDP ratio,4.411
2028,Human capital investment,Debt-to-GDP ratio,4.116
2029,Human capital investment,Debt-to-GDP ratio,4.058
2030,Human capital investment,Debt-to-GDP ratio,4.249
2031,Human capital investment,Debt-to-GDP ratio,4.632
2032,Human capital investment,Debt-to-GDP ratio,5.161
2033,Human capital investment,Debt-to-GDP ratio,5.8
2034,Human capital investment,Debt-to-GDP ratio,6.52
2035,Human capital investment,Debt-to-GDP ratio,7.3
2036,Human capital investment,Debt-to-GDP ratio,8.123
2037,Human capital investment,Debt-to-GDP ratio,8.972
2038,Human capital investment,Debt-to-GDP ratio,9.838
2039,Human capital investment,Debt-to-GDP ratio,10.71
2040,Human capital investment,Debt-to-GDP ratio,11.58
2041,Human capital investment,Debt-to-GDP ratio,12.441
2042,Human capital investment,Debt-to-GDP ratio,13.29
2043,Human capital investment,Debt-to-GDP ratio,14.12
2044,Human capital investment,Debt-to-GDP ratio,14.928
2045,Human capital investment,Debt-to-GDP ratio,15.713
2046,Human capital investment,Debt-to-GDP ratio,16.47
2047,Human capital investment,Debt-to-GDP ratio,17.2
2048,Human capital investment,Debt-to-GDP ratio,17.9
2049,Human capital investment,Debt-to-GDP ratio,18.571
2050,Human capital investment,Debt-to-GDP ratio,19.211
2026,R&D investment,Debt-to-GDP ratio,2.371
2027,R&D investment,Debt-to-GDP ratio,3.3
2028,R&D investment,Debt-to-GDP ratio,4.299
2029,R&D investment,Debt-to-GDP ratio,5.612
2030,R&D investment,Debt-to-GDP ratio,6.969
2031,R&D investment,Debt-to-GDP ratio,8.256
2032,R&D investment,Debt-to-GDP ratio,9.439
2033,R&D investment,Debt-to-GDP ratio,10.517
2034,R&D investment,Debt-to-GDP ratio,11.495
2035,R&D investment,Debt-to-GDP ratio,12.385
2036,R&D investment,Debt-to-GDP ratio,13.194
2037,R&D investment,Debt-to-GDP ratio,13.932
2038,R&D investment,Debt-to-GDP ratio,14.605
2039,R&D investment,Debt-to-GDP ratio,15.22
2040,R&D investment,Debt-to-GDP ratio,15.783
2041,R&D investment,Debt-to-GDP ratio,16.297
2042,R&D investment,Debt-to-GDP ratio,16.767
2043,R&D investment,Debt-to-GDP ratio,17.197
2044,R&D investment,Debt-to-GDP ratio,17.59
2045,R&D investment,Debt-to-GDP ratio,17.949
2046,R&D investment,Debt-to-GDP ratio,18.278
2047,R&D investment,Debt-to-GDP ratio,18.578
2048,R&D investment,Debt-to-GDP ratio,18.852
2049,R&D investment,Debt-to-GDP ratio,19.103
2050,R&D investment,Debt-to-GDP ratio,19.332
2026,Government consumption,Debt-to-GDP ratio,3.174
2027,Government consumption,Debt-to-GDP ratio,4.718
2028,Government consumption,Debt-to-GDP ratio,4.967
2029,Government consumption,Debt-to-GDP ratio,5.128
2030,Government consumption,Debt-to-GDP ratio,5.278
2031,Government consumption,Debt-to-GDP ratio,5.421
2032,Government consumption,Debt-to-GDP ratio,5.558
2033,Government consumption,Debt-to-GDP ratio,5.687
2034,Government consumption,Debt-to-GDP ratio,5.809
2035,Government consumption,Debt-to-GDP ratio,5.924
2036,Government consumption,Debt-to-GDP ratio,6.031
2037,Government consumption,Debt-to-GDP ratio,6.132
2038,Government consumption,Debt-to-GDP ratio,6.226
2039,Government consumption,Debt-to-GDP ratio,6.314
2040,Government consumption,Debt-to-GDP ratio,6.396
2041,Government consumption,Debt-to-GDP ratio,6.472
2042,Government consumption,Debt-to-GDP ratio,6.542
2043,Government consumption,Debt-to-GDP ratio,6.608
2044,Government consumption,Debt-to-GDP ratio,6.669
2045,Government consumption,Debt-to-GDP ratio,6.725
2046,Government consumption,Debt-to-GDP ratio,6.778
2047,Government consumption,Debt-to-GDP ratio,6.826
2048,Government consumption,Debt-to-GDP ratio,6.871
2049,Government consumption,Debt-to-GDP ratio,6.912
2050,Government consumption,Debt-to-GDP ratio,6.951
